model_name,cluster_id,pattern_index,member_cids
Small Transformer-Finetuned,0,24,3631
Small Transformer-Finetuned,0,27,3549
Small Transformer-Finetuned,0,28,3704
Small Transformer-Finetuned,0,30,"988,3493,3500"
Small Transformer-Finetuned,0,31,1127
Small Transformer-Finetuned,0,32,2712
Small Transformer-Finetuned,0,33,67
Small Transformer-Finetuned,0,34,2736
Small Transformer-Finetuned,0,36,3646
Small Transformer-Finetuned,0,37,3526
Small Transformer-Finetuned,0,38,"1313,1326"
Small Transformer-Finetuned,0,39,2735
Small Transformer-Finetuned,0,40,2050
Small Transformer-Finetuned,0,41,1692
Small Transformer-Finetuned,0,42,551
Small Transformer-Finetuned,0,43,57
Small Transformer-Finetuned,0,44,3724
Small Transformer-Finetuned,0,45,3729
Small Transformer-Finetuned,0,46,"586,587"
Small Transformer-Finetuned,0,47,1687
Small Transformer-Finetuned,0,48,1696
Small Transformer-Finetuned,0,49,"3454,3463"
Small Transformer-Finetuned,0,50,2501
Small Transformer-Finetuned,0,51,2620
Small Transformer-Finetuned,0,52,499
Small Transformer-Finetuned,0,54,1909
Small Transformer-Finetuned,0,55,3591
Small Transformer-Finetuned,0,56,851
Small Transformer-Finetuned,0,57,3900
Small Transformer-Finetuned,0,58,3550
Small Transformer-Finetuned,0,59,1607
Small Transformer-Finetuned,0,62,1243
Small Transformer-Finetuned,0,63,3936
Small Transformer-Finetuned,0,64,3723
Small Transformer-Finetuned,0,70,3021
Small Transformer-Finetuned,0,71,3020
Small Transformer-Finetuned,0,72,3711
Small Transformer-Finetuned,0,73,"822,823"
Small Transformer-Finetuned,0,76,3920
Small Transformer-Finetuned,0,77,2542
Small Transformer-Finetuned,0,79,3713
Small Transformer-Finetuned,0,89,2847
Small Transformer-Finetuned,0,91,1611
Small Transformer-Finetuned,0,93,3031
Small Transformer-Finetuned,0,94,664
Small Transformer-Finetuned,0,95,666
Small Transformer-Finetuned,0,99,2098
Small Transformer-Finetuned,0,100,1625
Small Transformer-Finetuned,0,101,2565
Small Transformer-Finetuned,0,102,2980
Small Transformer-Finetuned,0,103,2595
Small Transformer-Finetuned,0,104,1271
Small Transformer-Finetuned,0,105,1036
Small Transformer-Finetuned,0,106,1432
Small Transformer-Finetuned,0,108,683
Small Transformer-Finetuned,0,114,"1137,1139"
Small Transformer-Finetuned,0,115,667
Small Transformer-Finetuned,0,116,2429
Small Transformer-Finetuned,0,117,2323
Small Transformer-Finetuned,0,118,2334
Small Transformer-Finetuned,0,119,2332
Small Transformer-Finetuned,0,120,2328
Small Transformer-Finetuned,0,121,2319
Small Transformer-Finetuned,0,122,2333
Small Transformer-Finetuned,0,123,2338
Small Transformer-Finetuned,0,124,2331
Small Transformer-Finetuned,0,125,1163
Small Transformer-Finetuned,0,129,"3778,3779,3784,3788"
Small Transformer-Finetuned,0,130,3777
Small Transformer-Finetuned,0,131,3781
Small Transformer-Finetuned,0,135,3029
Small Transformer-Finetuned,0,136,659
Small Transformer-Finetuned,0,137,3982
Small Transformer-Finetuned,0,138,3324
Small Transformer-Finetuned,0,139,3792
Small Transformer-Finetuned,0,140,3143
Small Transformer-Finetuned,0,141,3677
Small Transformer-Finetuned,0,142,3783
Small Transformer-Finetuned,0,143,240
Small Transformer-Finetuned,0,145,"3284,3291"
Small Transformer-Finetuned,0,146,3292
Small Transformer-Finetuned,0,147,3282
Small Transformer-Finetuned,0,148,"3259,3262,3269"
Small Transformer-Finetuned,0,150,3331
Small Transformer-Finetuned,0,153,3302
Small Transformer-Finetuned,0,154,"3243,3322,3337,3340,3358"
Small Transformer-Finetuned,0,155,3366
Small Transformer-Finetuned,0,156,"3310,3364"
Small Transformer-Finetuned,0,157,"3258,3273,3323,3330,3368,3382"
Small Transformer-Finetuned,0,158,3353
Small Transformer-Finetuned,0,159,3281
Small Transformer-Finetuned,0,161,3257
Small Transformer-Finetuned,0,162,"3256,3283,3335,3365"
Small Transformer-Finetuned,0,163,"3268,3290"
Small Transformer-Finetuned,0,167,"3277,3286,3334"
Small Transformer-Finetuned,0,168,3280
Small Transformer-Finetuned,0,169,3313
Small Transformer-Finetuned,0,170,3301
Small Transformer-Finetuned,0,171,"3339,3362"
Small Transformer-Finetuned,0,172,3279
Small Transformer-Finetuned,0,174,"3294,3311,3370"
Small Transformer-Finetuned,0,176,3126
Small Transformer-Finetuned,0,177,1083
Small Transformer-Finetuned,0,180,2483
Small Transformer-Finetuned,0,186,3819
Small Transformer-Finetuned,0,187,3620
Small Transformer-Finetuned,0,188,3926
Small Transformer-Finetuned,0,189,2643
Small Transformer-Finetuned,0,190,569
Small Transformer-Finetuned,0,191,2322
Small Transformer-Finetuned,0,192,1689
Small Transformer-Finetuned,0,193,98
Small Transformer-Finetuned,0,194,116
Small Transformer-Finetuned,0,195,242
Small Transformer-Finetuned,0,196,3303
Small Transformer-Finetuned,0,197,3237
Small Transformer-Finetuned,0,198,2437
Small Transformer-Finetuned,0,199,2335
Small Transformer-Finetuned,0,200,2330
Small Transformer-Finetuned,0,201,1812
Small Transformer-Finetuned,0,202,1525
Small Transformer-Finetuned,0,203,1322
Small Transformer-Finetuned,0,204,244
Small Transformer-Finetuned,0,205,3298
Small Transformer-Finetuned,0,206,1321
Small Transformer-Finetuned,0,207,1329
Small Transformer-Finetuned,0,208,1583
Small Transformer-Finetuned,0,209,3504
Small Transformer-Finetuned,0,210,1398
Small Transformer-Finetuned,0,211,52
Small Transformer-Finetuned,0,212,"3510,3514"
Small Transformer-Finetuned,0,213,3235
Small Transformer-Finetuned,0,215,"3469,3470"
Small Transformer-Finetuned,0,216,3239
Small Transformer-Finetuned,0,217,2096
Small Transformer-Finetuned,0,218,46
Small Transformer-Finetuned,0,219,1063
Small Transformer-Finetuned,0,220,"557,564,571,573,578"
Small Transformer-Finetuned,0,221,"553,554"
Small Transformer-Finetuned,0,222,565
Small Transformer-Finetuned,0,223,"552,577"
Small Transformer-Finetuned,0,224,559
Small Transformer-Finetuned,0,225,1910
Small Transformer-Finetuned,0,226,3753
Small Transformer-Finetuned,0,227,2879
Small Transformer-Finetuned,0,228,977
Small Transformer-Finetuned,0,229,2894
Small Transformer-Finetuned,0,230,2253
Small Transformer-Finetuned,0,231,1315
Small Transformer-Finetuned,0,232,2148
Small Transformer-Finetuned,0,233,2258
Small Transformer-Finetuned,0,236,3139
Small Transformer-Finetuned,0,237,3137
Small Transformer-Finetuned,0,238,1161
Small Transformer-Finetuned,0,239,1605
Small Transformer-Finetuned,0,240,"797,799"
Small Transformer-Finetuned,0,241,820
Small Transformer-Finetuned,0,242,809
Small Transformer-Finetuned,0,243,"802,810"
Small Transformer-Finetuned,0,244,3134
Small Transformer-Finetuned,0,245,2465
Small Transformer-Finetuned,0,246,812
Small Transformer-Finetuned,0,247,3068
Small Transformer-Finetuned,0,248,656
Small Transformer-Finetuned,0,249,2142
Small Transformer-Finetuned,0,250,2427
Small Transformer-Finetuned,0,251,1684
Small Transformer-Finetuned,0,252,1697
Small Transformer-Finetuned,0,253,"1177,1178,1179,1180,1182,1184,1188,1189"
Small Transformer-Finetuned,0,254,"1190,1194"
Small Transformer-Finetuned,0,255,1187
Small Transformer-Finetuned,0,256,3575
Small Transformer-Finetuned,0,260,3023
Small Transformer-Finetuned,0,261,3559
Small Transformer-Finetuned,0,262,3343
Small Transformer-Finetuned,0,263,"2621,2627,2635"
Small Transformer-Finetuned,0,264,"2634,2645"
Small Transformer-Finetuned,0,265,2646
Small Transformer-Finetuned,0,266,2663
Small Transformer-Finetuned,0,267,2658
Small Transformer-Finetuned,0,268,2638
Small Transformer-Finetuned,0,269,"2633,2654"
Small Transformer-Finetuned,0,270,"2625,2648"
Small Transformer-Finetuned,0,271,3132
Small Transformer-Finetuned,0,272,1828
Small Transformer-Finetuned,0,273,1395
Small Transformer-Finetuned,0,274,"1401,1402"
Small Transformer-Finetuned,0,275,1393
Small Transformer-Finetuned,0,276,1394
Small Transformer-Finetuned,0,277,2649
Small Transformer-Finetuned,0,278,2846
Small Transformer-Finetuned,0,279,1721
Small Transformer-Finetuned,0,281,2254
Small Transformer-Finetuned,0,282,3479
Small Transformer-Finetuned,0,283,2237
Small Transformer-Finetuned,0,284,"2196,2200,2209,2221,2231"
Small Transformer-Finetuned,0,285,2063
Small Transformer-Finetuned,0,286,2198
Small Transformer-Finetuned,0,287,2057
Small Transformer-Finetuned,0,288,2055
Small Transformer-Finetuned,0,289,2608
Small Transformer-Finetuned,0,290,2053
Small Transformer-Finetuned,0,291,2060
Small Transformer-Finetuned,0,293,2263
Small Transformer-Finetuned,0,294,3561
Small Transformer-Finetuned,0,295,3562
Small Transformer-Finetuned,0,296,1142
Small Transformer-Finetuned,0,297,3466
Small Transformer-Finetuned,0,301,3254
Small Transformer-Finetuned,0,302,2212
Small Transformer-Finetuned,0,303,241
Small Transformer-Finetuned,0,304,2739
Small Transformer-Finetuned,0,305,3024
Small Transformer-Finetuned,0,306,3383
Small Transformer-Finetuned,0,307,3436
Small Transformer-Finetuned,0,308,3593
Small Transformer-Finetuned,0,309,2590
Small Transformer-Finetuned,0,313,3275
Small Transformer-Finetuned,0,314,2320
Small Transformer-Finetuned,0,315,2462
Small Transformer-Finetuned,0,316,1146
Small Transformer-Finetuned,0,317,1145
Small Transformer-Finetuned,0,318,"3270,3374"
Small Transformer-Finetuned,0,319,3338
Small Transformer-Finetuned,0,320,"2054,2065"
Small Transformer-Finetuned,0,321,449
Small Transformer-Finetuned,0,322,446
Small Transformer-Finetuned,0,323,"441,467"
Small Transformer-Finetuned,0,324,"464,468"
Small Transformer-Finetuned,0,325,457
Small Transformer-Finetuned,0,326,456
Small Transformer-Finetuned,0,327,1074
Small Transformer-Finetuned,0,328,1211
Small Transformer-Finetuned,0,329,1212
Small Transformer-Finetuned,0,330,1597
Small Transformer-Finetuned,0,331,1481
Small Transformer-Finetuned,0,332,2481
Small Transformer-Finetuned,0,333,2430
Small Transformer-Finetuned,0,335,652
Small Transformer-Finetuned,0,337,"2447,2480,2504,2516,2523"
Small Transformer-Finetuned,0,338,3508
Small Transformer-Finetuned,0,348,3391
Small Transformer-Finetuned,0,349,444
Small Transformer-Finetuned,0,350,3782
Small Transformer-Finetuned,0,351,3577
Small Transformer-Finetuned,0,352,1075
Small Transformer-Finetuned,0,354,3100
Small Transformer-Finetuned,0,358,2850
Small Transformer-Finetuned,0,363,2029
Small Transformer-Finetuned,0,365,937
Small Transformer-Finetuned,0,366,2849
Small Transformer-Finetuned,0,371,739
Small Transformer-Finetuned,0,373,3076
Small Transformer-Finetuned,0,379,2984
Small Transformer-Finetuned,0,381,829
Small Transformer-Finetuned,0,385,"2201,2226"
Small Transformer-Finetuned,0,386,3453
Small Transformer-Finetuned,0,387,940
Small Transformer-Finetuned,0,390,3487
Small Transformer-Finetuned,0,391,2641
Small Transformer-Finetuned,0,405,3801
Small Transformer-Finetuned,0,407,36
Small Transformer-Finetuned,0,408,1586
Small Transformer-Finetuned,0,409,3975
Small Transformer-Finetuned,0,418,3698
Small Transformer-Finetuned,0,419,881
Small Transformer-Finetuned,0,422,901
Small Transformer-Finetuned,0,423,2418
Small Transformer-Finetuned,0,424,2597
Small Transformer-Finetuned,0,425,2488
Small Transformer-Finetuned,0,427,62
Small Transformer-Finetuned,0,432,509
Small Transformer-Finetuned,0,433,3706
Small Transformer-Finetuned,0,437,685
Small Transformer-Finetuned,0,493,3948
Small Transformer-Finetuned,0,495,3725
Small Transformer-Finetuned,0,496,3640
Small Transformer-Finetuned,0,499,3093
Small Transformer-Finetuned,0,503,2184
Small Transformer-Finetuned,0,506,1012
Small Transformer-Finetuned,0,508,3312
Small Transformer-Finetuned,0,511,2490
Small Transformer-Finetuned,0,514,454
Small Transformer-Finetuned,0,515,440
Small Transformer-Finetuned,0,518,803
Small Transformer-Finetuned,0,519,2489
Small Transformer-Finetuned,0,520,465
Small Transformer-Finetuned,0,521,450
Small Transformer-Finetuned,0,523,"1185,1186,1191,1192,1193,1196,1198,1203,1204"
Small Transformer-Finetuned,0,556,"3708,3714,3715"
Small Transformer-Finetuned,0,560,2078
Small Transformer-Finetuned,0,561,3458
Small Transformer-Finetuned,0,563,"2461,2469"
Small Transformer-Finetuned,0,570,1500
Small Transformer-Finetuned,0,572,572
Small Transformer-Finetuned,0,573,801
Small Transformer-Finetuned,0,575,3483
Small Transformer-Finetuned,0,613,2298
Small Transformer-Finetuned,0,617,816
Small Transformer-Finetuned,0,658,2989
Small Transformer-Finetuned,0,660,1306
Small Transformer-Finetuned,0,661,"3937,3938"
Small Transformer-Finetuned,0,662,3080
Small Transformer-Finetuned,0,663,3709
Small Transformer-Finetuned,0,664,"726,792"
Small Transformer-Finetuned,0,665,729
Small Transformer-Finetuned,0,667,426
Small Transformer-Finetuned,0,668,3008
Small Transformer-Finetuned,0,670,2570
Small Transformer-Finetuned,0,671,2632
Small Transformer-Finetuned,0,672,2657
Small Transformer-Finetuned,0,673,"1300,1303"
Small Transformer-Finetuned,0,674,3981
Small Transformer-Finetuned,0,675,99
Small Transformer-Finetuned,0,676,3522
Small Transformer-Finetuned,0,677,1318
Small Transformer-Finetuned,0,678,498
Small Transformer-Finetuned,0,679,2342
Small Transformer-Finetuned,0,683,"654,2861"
Small Transformer-Finetuned,0,684,"68,69,3630,3701"
Small Transformer-Finetuned,0,685,2384
Small Transformer-Finetuned,0,686,951
Small Transformer-Finetuned,0,687,3923
Small Transformer-Finetuned,0,688,1338
Small Transformer-Finetuned,0,689,2441
Small Transformer-Finetuned,0,690,3919
Small Transformer-Finetuned,0,691,3004
Small Transformer-Finetuned,0,692,3741
Small Transformer-Finetuned,0,693,3040
Small Transformer-Finetuned,0,694,2549
Small Transformer-Finetuned,0,695,2548
Small Transformer-Finetuned,0,696,"2546,2550"
Small Transformer-Finetuned,0,697,2109
Small Transformer-Finetuned,0,698,3703
Small Transformer-Finetuned,0,699,"2266,2272"
Small Transformer-Finetuned,0,700,2261
Small Transformer-Finetuned,0,701,"479,2665"
Small Transformer-Finetuned,0,702,2472
Small Transformer-Finetuned,0,703,1028
Small Transformer-Finetuned,0,704,2486
Small Transformer-Finetuned,0,705,766
Small Transformer-Finetuned,0,706,1342
Small Transformer-Finetuned,0,707,"725,750"
Small Transformer-Finetuned,0,708,761
Small Transformer-Finetuned,0,709,767
Small Transformer-Finetuned,0,710,2512
Small Transformer-Finetuned,0,711,2421
Small Transformer-Finetuned,0,712,730
Small Transformer-Finetuned,0,713,1356
Small Transformer-Finetuned,0,714,2531
Small Transformer-Finetuned,0,715,2598
Small Transformer-Finetuned,0,716,2444
Small Transformer-Finetuned,0,717,3485
Small Transformer-Finetuned,0,718,2534
Small Transformer-Finetuned,0,719,2525
Small Transformer-Finetuned,0,720,769
Small Transformer-Finetuned,0,721,724
Small Transformer-Finetuned,0,722,589
Small Transformer-Finetuned,0,723,1565
Small Transformer-Finetuned,0,724,3390
Small Transformer-Finetuned,0,725,762
Small Transformer-Finetuned,0,727,1354
Small Transformer-Finetuned,0,728,"3791,3807"
Small Transformer-Finetuned,0,729,747
Small Transformer-Finetuned,0,730,"731,756"
Small Transformer-Finetuned,0,731,727
Small Transformer-Finetuned,0,732,735
Small Transformer-Finetuned,0,733,"3790,3795,3796,3799,3810,3818"
Small Transformer-Finetuned,0,734,"3800,3806,3813"
Small Transformer-Finetuned,0,735,745
Small Transformer-Finetuned,0,736,"723,774"
Small Transformer-Finetuned,0,737,"2451,2492"
Small Transformer-Finetuned,0,738,848
Small Transformer-Finetuned,0,739,3966
Small Transformer-Finetuned,0,740,3094
Small Transformer-Finetuned,0,741,2487
Small Transformer-Finetuned,0,742,"3285,3319"
Small Transformer-Finetuned,0,743,503
Small Transformer-Finetuned,0,744,1816
Small Transformer-Finetuned,0,745,1630
Small Transformer-Finetuned,0,746,63
Small Transformer-Finetuned,0,747,832
Small Transformer-Finetuned,0,748,2466
Small Transformer-Finetuned,0,749,3557
Small Transformer-Finetuned,0,750,"2432,2510,2526"
Small Transformer-Finetuned,0,751,2474
Small Transformer-Finetuned,0,752,458
Small Transformer-Finetuned,0,753,2514
Small Transformer-Finetuned,0,754,2307
Small Transformer-Finetuned,0,755,2843
Small Transformer-Finetuned,0,756,2304
Small Transformer-Finetuned,0,757,59
Small Transformer-Finetuned,0,758,2527
Small Transformer-Finetuned,0,759,3927
Small Transformer-Finetuned,0,760,2926
Small Transformer-Finetuned,0,761,1881
Small Transformer-Finetuned,0,762,"2936,2937,2959"
Small Transformer-Finetuned,0,763,579
Small Transformer-Finetuned,0,764,1732
Small Transformer-Finetuned,0,765,1748
Small Transformer-Finetuned,0,766,3095
Small Transformer-Finetuned,0,767,461
Small Transformer-Finetuned,0,768,455
Small Transformer-Finetuned,0,769,"1720,1729,1745"
Small Transformer-Finetuned,0,770,1878
Small Transformer-Finetuned,0,771,1865
Small Transformer-Finetuned,0,772,1847
Small Transformer-Finetuned,0,773,1781
Small Transformer-Finetuned,0,774,1859
Small Transformer-Finetuned,0,775,"1846,1876"
Small Transformer-Finetuned,0,776,448
Small Transformer-Finetuned,0,777,"453,472"
Small Transformer-Finetuned,0,778,466
Small Transformer-Finetuned,0,779,442
Small Transformer-Finetuned,0,780,460
Small Transformer-Finetuned,0,781,"1716,1794,1800,1864"
Small Transformer-Finetuned,0,782,1724
Small Transformer-Finetuned,0,783,"103,105,106,686,963"
Small Transformer-Finetuned,0,784,"966,968,991"
Small Transformer-Finetuned,0,785,"990,996"
Small Transformer-Finetuned,0,786,3136
Small Transformer-Finetuned,0,787,2724
Small Transformer-Finetuned,0,788,1908
Small Transformer-Finetuned,0,789,3889
Small Transformer-Finetuned,0,790,1907
Small Transformer-Finetuned,0,791,1025
Small Transformer-Finetuned,0,792,90
Small Transformer-Finetuned,0,793,"1246,1247"
Small Transformer-Finetuned,0,794,3446
Small Transformer-Finetuned,0,795,"993,998"
Small Transformer-Finetuned,0,796,835
Small Transformer-Finetuned,0,797,3205
Small Transformer-Finetuned,0,798,3645
Small Transformer-Finetuned,0,799,1680
Small Transformer-Finetuned,0,800,3687
Small Transformer-Finetuned,0,801,1584
Small Transformer-Finetuned,0,802,1297
Small Transformer-Finetuned,0,804,1158
Small Transformer-Finetuned,0,805,3865
Small Transformer-Finetuned,0,806,3240
Small Transformer-Finetuned,0,807,2464
Small Transformer-Finetuned,0,808,3389
Small Transformer-Finetuned,0,809,"3968,3972,3976"
Small Transformer-Finetuned,0,810,3740
Small Transformer-Finetuned,0,811,1631
Small Transformer-Finetuned,0,812,2085
Small Transformer-Finetuned,0,813,1624
Small Transformer-Finetuned,0,814,"558,567"
Small Transformer-Finetuned,0,815,566
Small Transformer-Finetuned,0,816,3544
Small Transformer-Finetuned,0,817,3872
Small Transformer-Finetuned,0,818,2073
Small Transformer-Finetuned,0,819,3772
Small Transformer-Finetuned,0,820,3769
Small Transformer-Finetuned,0,821,3757
Small Transformer-Finetuned,0,822,3759
Small Transformer-Finetuned,0,823,3750
Small Transformer-Finetuned,0,824,3776
Small Transformer-Finetuned,0,825,815
Small Transformer-Finetuned,0,826,1162
Small Transformer-Finetuned,0,827,3765
Small Transformer-Finetuned,0,828,3357
Small Transformer-Finetuned,0,829,94
Small Transformer-Finetuned,0,830,2720
Small Transformer-Finetuned,0,831,2723
Small Transformer-Finetuned,0,832,2714
Small Transformer-Finetuned,0,833,2667
Small Transformer-Finetuned,0,834,2375
Small Transformer-Finetuned,0,835,1547
Small Transformer-Finetuned,0,836,3378
Small Transformer-Finetuned,0,837,2511
Small Transformer-Finetuned,0,838,"41,43"
Small Transformer-Finetuned,0,839,3731
Small Transformer-Finetuned,0,840,"2485,2500"
Small Transformer-Finetuned,0,842,1726
Small Transformer-Finetuned,0,843,"107,870"
Small Transformer-Finetuned,0,844,2269
Small Transformer-Finetuned,0,845,1132
Small Transformer-Finetuned,0,846,"1029,1030"
Small Transformer-Finetuned,0,847,1585
Small Transformer-Finetuned,0,848,711
Small Transformer-Finetuned,0,849,"956,961,964"
Small Transformer-Finetuned,0,850,1385
Small Transformer-Finetuned,0,851,1275
Small Transformer-Finetuned,0,852,2533
Small Transformer-Finetuned,0,853,920
Small Transformer-Finetuned,0,854,2442
Small Transformer-Finetuned,0,855,1399
Small Transformer-Finetuned,0,856,1409
Small Transformer-Finetuned,0,857,"1131,1133"
Small Transformer-Finetuned,0,858,1281
Small Transformer-Finetuned,0,859,1277
Small Transformer-Finetuned,0,860,1279
Small Transformer-Finetuned,0,861,1610
Small Transformer-Finetuned,0,862,2507
Small Transformer-Finetuned,0,863,2696
Small Transformer-Finetuned,0,864,886
Small Transformer-Finetuned,0,865,"1695,1698"
Small Transformer-Finetuned,0,866,1921
Small Transformer-Finetuned,0,867,2048
Small Transformer-Finetuned,0,868,2455
Small Transformer-Finetuned,0,869,868
Small Transformer-Finetuned,0,870,775
Small Transformer-Finetuned,0,871,1140
Small Transformer-Finetuned,0,872,3775
Small Transformer-Finetuned,0,873,942
Small Transformer-Finetuned,0,874,526
Small Transformer-Finetuned,0,875,922
Small Transformer-Finetuned,0,876,1416
Small Transformer-Finetuned,0,877,3773
Small Transformer-Finetuned,0,878,846
Small Transformer-Finetuned,0,879,2505
Small Transformer-Finetuned,0,880,2491
Small Transformer-Finetuned,0,881,"2443,2458"
Small Transformer-Finetuned,0,882,2499
Small Transformer-Finetuned,0,883,1428
Small Transformer-Finetuned,0,884,2495
Small Transformer-Finetuned,0,885,"2428,2448"
Small Transformer-Finetuned,0,886,1347
Small Transformer-Finetuned,0,887,987
Small Transformer-Finetuned,0,888,2312
Small Transformer-Finetuned,0,889,2031
Small Transformer-Finetuned,0,890,1361
Small Transformer-Finetuned,0,891,3449
Small Transformer-Finetuned,0,892,2700
Small Transformer-Finetuned,0,893,2034
Small Transformer-Finetuned,0,894,3359
Small Transformer-Finetuned,0,895,3969
Small Transformer-Finetuned,0,896,2497
Small Transformer-Finetuned,0,897,3032
Small Transformer-Finetuned,0,898,1278
Small Transformer-Finetuned,0,899,3457
Small Transformer-Finetuned,0,900,2445
Small Transformer-Finetuned,0,901,594
Small Transformer-Finetuned,0,902,3238
Small Transformer-Finetuned,0,903,1408
Small Transformer-Finetuned,0,904,2434
Small Transformer-Finetuned,0,905,1616
Small Transformer-Finetuned,0,906,1413
Small Transformer-Finetuned,0,907,796
Small Transformer-Finetuned,0,908,819
Small Transformer-Finetuned,0,909,2689
Small Transformer-Finetuned,0,910,1276
Small Transformer-Finetuned,0,911,2463
Small Transformer-Finetuned,0,912,2899
Small Transformer-Finetuned,0,913,"2880,2886"
Small Transformer-Finetuned,0,914,2883
Small Transformer-Finetuned,0,915,2898
Small Transformer-Finetuned,0,916,1129
Small Transformer-Finetuned,0,917,1700
Small Transformer-Finetuned,0,918,1181
Small Transformer-Finetuned,0,919,1469
Small Transformer-Finetuned,0,920,945
Small Transformer-Finetuned,0,921,3027
Small Transformer-Finetuned,0,922,"929,930"
Small Transformer-Finetuned,0,923,"3431,3440"
Small Transformer-Finetuned,0,924,3246
Small Transformer-Finetuned,0,925,2617
Small Transformer-Finetuned,0,926,1059
Small Transformer-Finetuned,0,927,1060
Small Transformer-Finetuned,0,928,1392
Small Transformer-Finetuned,0,929,"1383,1404"
Small Transformer-Finetuned,0,930,1391
Small Transformer-Finetuned,0,931,1400
Small Transformer-Finetuned,0,932,1387
Small Transformer-Finetuned,0,933,1389
Small Transformer-Finetuned,0,934,938
Small Transformer-Finetuned,0,935,931
Small Transformer-Finetuned,0,936,1284
Small Transformer-Finetuned,0,937,1415
Small Transformer-Finetuned,0,938,3592
Small Transformer-Finetuned,0,939,1419
Small Transformer-Finetuned,0,940,2460
Small Transformer-Finetuned,0,941,1465
Small Transformer-Finetuned,0,942,1422
Small Transformer-Finetuned,0,943,1176
Small Transformer-Finetuned,0,944,604
Small Transformer-Finetuned,0,945,1337
Small Transformer-Finetuned,0,946,2438
Small Transformer-Finetuned,0,947,3601
Small Transformer-Finetuned,0,948,2530
Small Transformer-Finetuned,0,949,2439
Small Transformer-Finetuned,0,950,2370
Small Transformer-Finetuned,0,951,943
Small Transformer-Finetuned,0,952,2431
Small Transformer-Finetuned,0,953,2478
Small Transformer-Finetuned,0,954,3639
Small Transformer-Finetuned,0,955,3637
Small Transformer-Finetuned,0,956,653
Small Transformer-Finetuned,0,957,1834
Small Transformer-Finetuned,0,958,"1715,1741,1833,1852,1885"
Small Transformer-Finetuned,0,959,"1764,1815,1868"
Small Transformer-Finetuned,0,960,"1703,1722,1776,1810,1850,1882"
Small Transformer-Finetuned,0,961,"1771,1854"
Small Transformer-Finetuned,0,962,"1742,1760,1784,1832"
Small Transformer-Finetuned,0,963,"1802,1827"
Small Transformer-Finetuned,0,964,"1705,1723,1725,1727,1738,1757,1796,1823,1857,1860,1867,1870"
Small Transformer-Finetuned,0,965,1821
Small Transformer-Finetuned,0,966,"1718,1863"
Small Transformer-Finetuned,0,967,"1754,1766,1813,1830,1845,1866,1869"
Small Transformer-Finetuned,0,968,1804
Small Transformer-Finetuned,0,969,3058
Small Transformer-Finetuned,0,970,2344
Small Transformer-Finetuned,0,971,"958,960"
Small Transformer-Finetuned,0,972,1911
Small Transformer-Finetuned,0,973,1037
Small Transformer-Finetuned,0,974,3511
Small Transformer-Finetuned,0,975,1172
Small Transformer-Finetuned,0,976,1879
Small Transformer-Finetuned,0,977,436
Small Transformer-Finetuned,0,978,1325
Small Transformer-Finetuned,0,979,2066
Small Transformer-Finetuned,0,980,2374
Small Transformer-Finetuned,0,981,971
Small Transformer-Finetuned,0,982,2521
Small Transformer-Finetuned,0,983,978
Small Transformer-Finetuned,0,984,3974
Small Transformer-Finetuned,0,985,601
Small Transformer-Finetuned,0,986,"596,598,600,602,603,605"
Small Transformer-Finetuned,0,987,3170
Small Transformer-Finetuned,0,988,3595
Small Transformer-Finetuned,0,989,3505
Small Transformer-Finetuned,0,990,"3501,3512"
Small Transformer-Finetuned,0,991,3509
Small Transformer-Finetuned,0,992,3507
Small Transformer-Finetuned,0,993,3513
Small Transformer-Finetuned,0,994,3179
Small Transformer-Finetuned,0,999,1311
Small Transformer-Finetuned,0,1003,3546
Small Transformer-Finetuned,0,1004,3979
Small Transformer-Finetuned,0,1007,916
Small Transformer-Finetuned,0,1009,"2389,3692"
Small Transformer-Finetuned,0,1010,3438
Small Transformer-Finetuned,0,1011,"2241,2243,2245,2249,2250,2252"
Small Transformer-Finetuned,0,1012,"2238,2903"
Small Transformer-Finetuned,0,1013,2863
Small Transformer-Finetuned,0,1014,1032
Small Transformer-Finetuned,0,1015,1070
Small Transformer-Finetuned,0,1016,3225
Small Transformer-Finetuned,0,1017,502
Small Transformer-Finetuned,0,1018,748
Small Transformer-Finetuned,0,1019,482
Small Transformer-Finetuned,0,1020,2592
Small Transformer-Finetuned,0,1021,717
Small Transformer-Finetuned,0,1022,684
Small Transformer-Finetuned,0,1023,2591
Small Transformer-Finetuned,0,1025,785
Small Transformer-Finetuned,0,1026,763
Small Transformer-Finetuned,0,1027,"3793,3802,3804,3809"
Small Transformer-Finetuned,0,1028,"3797,3817"
Small Transformer-Finetuned,0,1029,504
Small Transformer-Finetuned,0,1030,"3789,3803"
Small Transformer-Finetuned,0,1031,"3785,3786,3798,3805,3808"
Small Transformer-Finetuned,0,1032,2301
Small Transformer-Finetuned,0,1033,"2544,3054"
Small Transformer-Finetuned,0,1034,1105
Small Transformer-Finetuned,0,1035,2571
Small Transformer-Finetuned,0,1036,2381
Small Transformer-Finetuned,0,1037,"891,892,893,896,897,900,902,903,905,906,915,918"
Small Transformer-Finetuned,0,1038,682
Small Transformer-Finetuned,0,1039,692
Small Transformer-Finetuned,0,1040,690
Small Transformer-Finetuned,0,1042,3579
Small Transformer-Finetuned,0,1043,"2912,2914,2921,2928,2930,2932,2941,2944,2960,2963,2965,2968,2983"
Small Transformer-Finetuned,0,1044,"2946,2973"
Small Transformer-Finetuned,0,1045,2953
Small Transformer-Finetuned,0,1046,1292
Small Transformer-Finetuned,0,1047,3072
Small Transformer-Finetuned,0,1048,"2924,2931,2958,2964,2967,2975,2981,2982"
Small Transformer-Finetuned,0,1049,2923
Small Transformer-Finetuned,0,1050,2938
Small Transformer-Finetuned,0,1051,"2917,2935"
Small Transformer-Finetuned,0,1052,"1699,1838"
Small Transformer-Finetuned,0,1054,1673
Small Transformer-Finetuned,0,1055,"1895,1906"
Small Transformer-Finetuned,0,1056,2566
Small Transformer-Finetuned,0,1057,2969
Small Transformer-Finetuned,0,1058,1098
Small Transformer-Finetuned,0,1059,1099
Small Transformer-Finetuned,0,1060,1003
Small Transformer-Finetuned,0,1061,2574
Small Transformer-Finetuned,0,1062,3444
Small Transformer-Finetuned,0,1063,661
Small Transformer-Finetuned,0,1065,2986
Small Transformer-Finetuned,0,1066,2877
Small Transformer-Finetuned,0,1067,439
Small Transformer-Finetuned,0,1068,2076
Small Transformer-Finetuned,0,1069,3870
Small Transformer-Finetuned,0,1070,3890
Small Transformer-Finetuned,0,1071,108
Small Transformer-Finetuned,0,1072,3224
Small Transformer-Finetuned,0,1073,3426
Small Transformer-Finetuned,0,1074,2075
Small Transformer-Finetuned,0,1076,2726
Small Transformer-Finetuned,0,1077,2685
Small Transformer-Finetuned,0,1078,927
Small Transformer-Finetuned,0,1079,1414
Small Transformer-Finetuned,0,1080,1390
Small Transformer-Finetuned,0,1081,889
Small Transformer-Finetuned,0,1082,845
Small Transformer-Finetuned,0,1083,2496
Small Transformer-Finetuned,0,1084,"2032,3166"
Small Transformer-Finetuned,0,1085,926
Small Transformer-Finetuned,0,1086,2564
Small Transformer-Finetuned,0,1087,1199
Small Transformer-Finetuned,0,1088,1130
Small Transformer-Finetuned,0,1089,3099
Small Transformer-Finetuned,0,1090,2394
Small Transformer-Finetuned,0,1091,2036
Small Transformer-Finetuned,0,1092,3622
Small Transformer-Finetuned,0,1093,2037
Small Transformer-Finetuned,0,1094,"2368,2369"
Small Transformer-Finetuned,0,1095,3638
Small Transformer-Finetuned,0,1096,764
Small Transformer-Finetuned,0,1097,239
Small Transformer-Finetuned,0,1098,"1053,1054,1056"
Small Transformer-Finetuned,0,1099,1055
Small Transformer-Finetuned,0,1100,3545
Small Transformer-Finetuned,0,1101,2151
Small Transformer-Finetuned,0,1102,3187
Small Transformer-Finetuned,0,1103,3172
Small Transformer-Finetuned,0,1104,2122
Small Transformer-Finetuned,0,1105,3073
Small Transformer-Finetuned,0,1106,758
Small Transformer-Finetuned,0,1107,"3036,3037"
Small Transformer-Finetuned,0,1108,488
Small Transformer-Finetuned,0,1109,1308
Small Transformer-Finetuned,0,1110,510
Small Transformer-Finetuned,0,1111,599
Small Transformer-Finetuned,0,1112,87
Small Transformer-Finetuned,0,1113,445
Small Transformer-Finetuned,0,1114,3815
Small Transformer-Finetuned,0,1115,3812
Small Transformer-Finetuned,0,1116,3955
Small Transformer-Finetuned,0,1117,703
Small Transformer-Finetuned,0,1118,704
Small Transformer-Finetuned,0,1119,228
Small Transformer-Finetuned,0,1120,3066
Small Transformer-Finetuned,0,1121,1656
Small Transformer-Finetuned,0,1122,2706
Small Transformer-Finetuned,0,1123,2704
Small Transformer-Finetuned,0,1124,2698
Small Transformer-Finetuned,0,1125,3379
Small Transformer-Finetuned,0,1126,3743
Small Transformer-Finetuned,0,1127,3780
Small Transformer-Finetuned,0,1128,3222
Small Transformer-Finetuned,0,1129,3219
Small Transformer-Finetuned,0,1130,2593
Small Transformer-Finetuned,0,1131,11
Small Transformer-Finetuned,0,1132,2702
Small Transformer-Finetuned,0,1133,2567
Small Transformer-Finetuned,0,1134,"2560,2582"
Small Transformer-Finetuned,0,1135,"2603,2604"
Small Transformer-Finetuned,0,1136,"2578,2579"
Small Transformer-Finetuned,0,1137,"2605,2606"
Small Transformer-Finetuned,0,1138,3934
Small Transformer-Finetuned,0,1139,1420
Small Transformer-Finetuned,0,1140,2035
Small Transformer-Finetuned,0,1141,2033
Small Transformer-Finetuned,0,1142,2729
Small Transformer-Finetuned,0,1143,1078
Small Transformer-Finetuned,0,1144,1307
Small Transformer-Finetuned,0,1145,1305
Small Transformer-Finetuned,0,1146,1459
Small Transformer-Finetuned,0,1147,1309
Small Transformer-Finetuned,0,1148,2581
Small Transformer-Finetuned,0,1149,1877
Small Transformer-Finetuned,0,1150,2545
Small Transformer-Finetuned,0,1151,581
Small Transformer-Finetuned,0,1152,1298
Small Transformer-Finetuned,0,1153,1304
Small Transformer-Finetuned,0,1154,1262
Small Transformer-Finetuned,0,1155,2030
Small Transformer-Finetuned,0,1156,"1749,1768"
Small Transformer-Finetuned,0,1157,1875
Small Transformer-Finetuned,0,1158,1811
Small Transformer-Finetuned,0,1159,"2562,2563,2611,2612,2616"
Small Transformer-Finetuned,0,1160,2152
Small Transformer-Finetuned,0,1161,2164
Small Transformer-Finetuned,0,1162,2112
Small Transformer-Finetuned,0,1164,430
Small Transformer-Finetuned,0,1166,3226
Small Transformer-Finetuned,0,1167,"2412,2413"
Small Transformer-Finetuned,0,1168,527
Small Transformer-Finetuned,0,1169,3231
Small Transformer-Finetuned,0,1171,1635
Small Transformer-Finetuned,0,1172,2707
Small Transformer-Finetuned,0,1173,1424
Small Transformer-Finetuned,0,1174,"2576,2602"
Small Transformer-Finetuned,0,1175,2453
Small Transformer-Finetuned,0,1176,657
Small Transformer-Finetuned,0,1177,"2909,2916,2918,2919,2920,2925,2929,2934,2947,2949,2954,2957,2966,2972,2974,2976,2977"
Small Transformer-Finetuned,0,1178,"2942,2950"
Small Transformer-Finetuned,0,1179,"2933,2955"
Small Transformer-Finetuned,0,1180,"2910,2939,2951,2961,2970,2978"
Small Transformer-Finetuned,0,1181,"2915,2922,2927,2943,2945,2948,2952,2956,2962,2971"
Small Transformer-Finetuned,0,1182,2940
Small Transformer-Finetuned,0,1183,2347
Small Transformer-Finetuned,0,1184,3445
Small Transformer-Finetuned,0,1186,2398
Small Transformer-Finetuned,0,1187,1649
Small Transformer-Finetuned,0,1188,113
Small Transformer-Finetuned,0,1189,3506
Small Transformer-Finetuned,0,1190,1285
Small Transformer-Finetuned,0,1191,3970
Small Transformer-Finetuned,0,1192,1888
Small Transformer-Finetuned,0,1193,"2425,2433,2449"
Small Transformer-Finetuned,0,1194,1274
Small Transformer-Finetuned,0,1195,3734
Small Transformer-Finetuned,0,1196,2862
Small Transformer-Finetuned,0,1197,3746
Small Transformer-Finetuned,0,1198,"1608,1609"
Small Transformer-Finetuned,0,1199,"1613,1614"
Small Transformer-Finetuned,0,1200,3221
Small Transformer-Finetuned,0,1201,2684
Small Transformer-Finetuned,0,1202,1022
Small Transformer-Finetuned,0,1203,3075
Small Transformer-Finetuned,0,1204,3392
Small Transformer-Finetuned,0,1205,1299
Small Transformer-Finetuned,0,1206,1310
Small Transformer-Finetuned,0,1207,3770
Small Transformer-Finetuned,0,1208,2865
Small Transformer-Finetuned,0,1209,2867
Small Transformer-Finetuned,0,1210,"2864,2866"
Small Transformer-Finetuned,0,1211,1923
Small Transformer-Finetuned,0,1213,53
Small Transformer-Finetuned,0,1214,2568
Small Transformer-Finetuned,0,1215,2099
Small Transformer-Finetuned,0,1216,3710
Small Transformer-Finetuned,0,1217,3726
Small Transformer-Finetuned,0,1218,"2090,2101"
Small Transformer-Finetuned,0,1219,2086
Small Transformer-Finetuned,0,1220,2081
Small Transformer-Finetuned,0,1221,2077
Small Transformer-Finetuned,0,1222,2104
Small Transformer-Finetuned,0,1223,2093
Small Transformer-Finetuned,0,1224,2079
Small Transformer-Finetuned,0,1225,3727
Small Transformer-Finetuned,0,1226,3718
Small Transformer-Finetuned,0,1227,3712
Small Transformer-Finetuned,0,1228,3720
Small Transformer-Finetuned,0,1229,3722
Small Transformer-Finetuned,0,1230,2748
Small Transformer-Finetuned,0,1231,3716
Small Transformer-Finetuned,0,1232,"2082,2089"
Small Transformer-Finetuned,0,1233,3152
Small Transformer-Finetuned,0,1234,3158
Small Transformer-Finetuned,0,1235,3149
Small Transformer-Finetuned,0,1236,3762
Small Transformer-Finetuned,0,1237,3758
Small Transformer-Finetuned,0,1238,3163
Small Transformer-Finetuned,0,1239,3153
Small Transformer-Finetuned,0,1240,3197
Small Transformer-Finetuned,0,1241,2851
Small Transformer-Finetuned,0,1242,2908
Small Transformer-Finetuned,0,1244,2346
Small Transformer-Finetuned,0,1245,3878
Small Transformer-Finetuned,0,1246,712
Small Transformer-Finetuned,0,1247,2124
Small Transformer-Finetuned,0,1248,1655
Small Transformer-Finetuned,0,1250,2317
Small Transformer-Finetuned,0,1251,986
Small Transformer-Finetuned,0,1252,2316
Small Transformer-Finetuned,0,1253,3626
Small Transformer-Finetuned,0,1254,935
Small Transformer-Finetuned,0,1255,679
Small Transformer-Finetuned,0,1256,1266
Small Transformer-Finetuned,0,1257,3774
Small Transformer-Finetuned,0,1258,2668
Small Transformer-Finetuned,0,1259,3717
Small Transformer-Finetuned,0,1260,2219
Small Transformer-Finetuned,0,1261,"40,44"
Small Transformer-Finetuned,0,1263,1071
Small Transformer-Finetuned,0,1265,"2202,2214"
Small Transformer-Finetuned,0,1266,1242
Small Transformer-Finetuned,0,1267,"3983,3984"
Small Transformer-Finetuned,0,1268,609
Small Transformer-Finetuned,0,1269,608
Small Transformer-Finetuned,0,1271,495
Small Transformer-Finetuned,0,1272,485
Small Transformer-Finetuned,0,1274,"2192,2217"
Small Transformer-Finetuned,0,1275,61
Small Transformer-Finetuned,0,1276,486
Small Transformer-Finetuned,0,1277,1694
Small Transformer-Finetuned,0,1278,2215
Small Transformer-Finetuned,0,1279,2197
Small Transformer-Finetuned,0,1280,2094
Small Transformer-Finetuned,0,1281,2091
Small Transformer-Finetuned,0,1282,1674
Small Transformer-Finetuned,0,1283,1675
Small Transformer-Finetuned,0,1284,1717
Small Transformer-Finetuned,0,1285,"1746,1849"
Small Transformer-Finetuned,0,1286,"1783,1798"
Small Transformer-Finetuned,0,1287,1790
Small Transformer-Finetuned,0,1288,1719
Small Transformer-Finetuned,0,1289,1797
Small Transformer-Finetuned,0,1290,1777
Small Transformer-Finetuned,0,1291,"1897,1899,1916,1918"
Small Transformer-Finetuned,0,1292,"2121,2126,2127"
Small Transformer-Finetuned,0,1293,1236
Small Transformer-Finetuned,0,1294,1617
Small Transformer-Finetuned,0,1295,913
Small Transformer-Finetuned,0,1296,"2110,2119,2129"
Small Transformer-Finetuned,0,1297,1443
Small Transformer-Finetuned,0,1298,"3752,3754"
Small Transformer-Finetuned,0,1299,2699
Small Transformer-Finetuned,0,1300,917
Small Transformer-Finetuned,0,1301,2454
Small Transformer-Finetuned,0,1302,2725
Small Transformer-Finetuned,0,1303,2676
Small Transformer-Finetuned,0,1304,936
Small Transformer-Finetuned,0,1305,1739
Small Transformer-Finetuned,0,1306,1787
Small Transformer-Finetuned,0,1307,1747
Small Transformer-Finetuned,0,1308,"1701,1708,1730"
Small Transformer-Finetuned,0,1309,"1765,1842"
Small Transformer-Finetuned,0,1310,"1836,1891"
Small Transformer-Finetuned,0,1311,"1733,1795,1805"
Small Transformer-Finetuned,0,1312,"1714,1743,1809"
Small Transformer-Finetuned,0,1313,"1761,1762,1763,1819"
Small Transformer-Finetuned,0,1314,1817
Small Transformer-Finetuned,0,1315,"1709,1711,1728,1774,1779,1822"
Small Transformer-Finetuned,0,1316,"1737,1767,1791,1851"
Small Transformer-Finetuned,0,1317,"1789,1808"
Small Transformer-Finetuned,0,1318,"1740,1778,1858,1889"
Small Transformer-Finetuned,0,1319,"1736,1769"
Small Transformer-Finetuned,0,1320,"1750,1758,1772,1801,1807,1818"
Small Transformer-Finetuned,0,1321,"1731,1751,1803,1835"
Small Transformer-Finetuned,0,1322,3760
Small Transformer-Finetuned,0,1323,928
Small Transformer-Finetuned,0,1324,2199
Small Transformer-Finetuned,0,1325,2193
Small Transformer-Finetuned,0,1326,1042
Small Transformer-Finetuned,0,1327,3911
Small Transformer-Finetuned,0,1328,1871
Small Transformer-Finetuned,0,1329,1841
Small Transformer-Finetuned,0,1330,1744
Small Transformer-Finetuned,0,1331,"1775,1873"
Small Transformer-Finetuned,0,1332,1785
Small Transformer-Finetuned,0,1333,1734
Small Transformer-Finetuned,0,1334,"1704,1755"
Small Transformer-Finetuned,0,1335,1792
Small Transformer-Finetuned,0,1336,3033
Small Transformer-Finetuned,0,1338,1664
Small Transformer-Finetuned,0,1339,1663
Small Transformer-Finetuned,0,1340,"1759,1780"
Small Transformer-Finetuned,0,1341,"1825,1839"
Small Transformer-Finetuned,0,1342,3735
Small Transformer-Finetuned,0,1343,3732
Small Transformer-Finetuned,0,1344,2042
Small Transformer-Finetuned,0,1345,3580
Small Transformer-Finetuned,0,1346,2043
Small Transformer-Finetuned,0,1347,1282
Small Transformer-Finetuned,0,1348,1735
Small Transformer-Finetuned,0,1349,1806
Small Transformer-Finetuned,0,1350,1667
Small Transformer-Finetuned,0,1351,3044
Small Transformer-Finetuned,0,1352,2906
Small Transformer-Finetuned,0,1353,3042
Small Transformer-Finetuned,0,1354,3653
Small Transformer-Finetuned,0,1357,2734
Small Transformer-Finetuned,0,1358,3077
Small Transformer-Finetuned,0,1359,827
Small Transformer-Finetuned,0,1360,2095
Small Transformer-Finetuned,0,1361,1034
Small Transformer-Finetuned,0,1362,3552
Small Transformer-Finetuned,0,1363,492
Small Transformer-Finetuned,0,1364,2297
Small Transformer-Finetuned,0,1365,3985
Small Transformer-Finetuned,0,1366,1874
Small Transformer-Finetuned,0,1368,"668,669"
Small Transformer-Finetuned,0,1369,673
Small Transformer-Finetuned,0,1370,2329
Small Transformer-Finetuned,0,1371,"3138,3142"
Small Transformer-Finetuned,0,1372,1202
Small Transformer-Finetuned,0,1373,1136
Small Transformer-Finetuned,0,1375,1534
Small Transformer-Finetuned,0,1376,1537
Small Transformer-Finetuned,0,1377,"3200,3212"
Small Transformer-Finetuned,0,1378,58
Small Transformer-Finetuned,0,1379,3594
Small Transformer-Finetuned,0,1380,3176
Small Transformer-Finetuned,0,1381,2336
Small Transformer-Finetuned,0,1382,2325
Small Transformer-Finetuned,0,1383,"2324,2327"
Small Transformer-Finetuned,0,1384,2326
Small Transformer-Finetuned,0,1385,2321
Small Transformer-Finetuned,0,1386,1005
Small Transformer-Finetuned,0,1387,828
Small Transformer-Finetuned,0,1388,3679
Small Transformer-Finetuned,0,1389,"3247,3345,3352,3356"
Small Transformer-Finetuned,0,1390,"3252,3267,3342"
Small Transformer-Finetuned,0,1391,1894
Small Transformer-Finetuned,0,1392,3307
Small Transformer-Finetuned,0,1393,1312
Small Transformer-Finetuned,0,1394,1134
Small Transformer-Finetuned,0,1395,"563,574,575,576"
Small Transformer-Finetuned,0,1396,1314
Small Transformer-Finetuned,0,1397,814
Small Transformer-Finetuned,0,1398,808
Small Transformer-Finetuned,0,1399,"795,806"
Small Transformer-Finetuned,0,1400,100
Small Transformer-Finetuned,0,1401,2647
Small Transformer-Finetuned,0,1402,2661
Small Transformer-Finetuned,0,1403,101
Small Transformer-Finetuned,0,1404,2315
Small Transformer-Finetuned,0,1405,"1397,1411"
Small Transformer-Finetuned,0,1406,2650
Small Transformer-Finetuned,0,1407,2656
Small Transformer-Finetuned,0,1408,2642
Small Transformer-Finetuned,0,1409,3603
Small Transformer-Finetuned,0,1410,"2207,2223,2227"
Small Transformer-Finetuned,0,1411,1548
Small Transformer-Finetuned,0,1412,1015
Small Transformer-Finetuned,0,1413,3551
Small Transformer-Finetuned,0,1414,"2904,3232"
Small Transformer-Finetuned,0,1416,102
Small Transformer-Finetuned,0,1417,3542
Small Transformer-Finetuned,0,1419,"2195,2205,2224"
Small Transformer-Finetuned,0,1423,3000
Small Transformer-Finetuned,0,1424,2222
Small Transformer-Finetuned,0,1425,549
Small Transformer-Finetuned,0,1426,2709
Small Transformer-Finetuned,0,1427,"1004,1018"
Small Transformer-Finetuned,0,1428,1011
Small Transformer-Finetuned,0,1429,3596
Small Transformer-Finetuned,0,1430,813
Small Transformer-Finetuned,0,1431,"921,933"
Small Transformer-Finetuned,0,1432,1183
Small Transformer-Finetuned,0,1433,1197
Small Transformer-Finetuned,0,1434,800
Small Transformer-Finetuned,0,1435,2996
Small Transformer-Finetuned,0,1437,2872
Small Transformer-Finetuned,0,1438,92
Small Transformer-Finetuned,0,1439,97
Small Transformer-Finetuned,0,1440,515
Small Transformer-Finetuned,0,1441,1213
Small Transformer-Finetuned,0,1442,37
Small Transformer-Finetuned,0,1443,1214
Small Transformer-Finetuned,0,1444,65
Small Transformer-Finetuned,0,1445,3761
Small Transformer-Finetuned,0,1446,3141
Small Transformer-Finetuned,0,1447,1677
Small Transformer-Finetuned,0,1448,1510
Small Transformer-Finetuned,0,1449,1896
Small Transformer-Finetuned,0,1450,1529
Small Transformer-Finetuned,0,1451,1872
Small Transformer-Finetuned,0,1452,459
Small Transformer-Finetuned,0,1453,3649
Small Transformer-Finetuned,0,1454,"1319,1323,1327"
Small Transformer-Finetuned,0,1455,89
Small Transformer-Finetuned,0,1456,"88,91"
Small Transformer-Finetuned,0,1457,2228
Small Transformer-Finetuned,0,1458,2240
Small Transformer-Finetuned,0,1459,2257
Small Transformer-Finetuned,0,1460,2218
Small Transformer-Finetuned,0,1461,2210
Small Transformer-Finetuned,0,1462,2208
Small Transformer-Finetuned,0,1463,2213
Small Transformer-Finetuned,0,1464,2247
Small Transformer-Finetuned,0,1465,2716
Small Transformer-Finetuned,0,1466,2703
Small Transformer-Finetuned,0,1467,3597
Small Transformer-Finetuned,0,1468,2715
Small Transformer-Finetuned,0,1469,2242
Small Transformer-Finetuned,0,1470,"1403,1410"
Small Transformer-Finetuned,0,1471,1151
Small Transformer-Finetuned,0,1472,"93,95"
Small Transformer-Finetuned,0,1473,2681
Small Transformer-Finetuned,0,1474,1010
Small Transformer-Finetuned,0,1475,912
Small Transformer-Finetuned,0,1476,1152
Small Transformer-Finetuned,0,1477,910
Small Transformer-Finetuned,0,1478,1417
Small Transformer-Finetuned,0,1479,1406
Small Transformer-Finetuned,0,1480,"904,932"
Small Transformer-Finetuned,0,1481,2708
Small Transformer-Finetuned,0,1482,595
Small Transformer-Finetuned,0,1483,1566
Small Transformer-Finetuned,0,1484,939
Small Transformer-Finetuned,0,1485,1155
Small Transformer-Finetuned,0,1486,2236
Small Transformer-Finetuned,0,1487,3199
Small Transformer-Finetuned,0,1489,2572
Small Transformer-Finetuned,0,1491,2907
Small Transformer-Finetuned,0,1492,"3518,3521"
Small Transformer-Finetuned,0,1493,2049
Small Transformer-Finetuned,0,1494,1128
Small Transformer-Finetuned,0,1495,"2995,2997"
Small Transformer-Finetuned,0,1496,3517
Small Transformer-Finetuned,0,1497,3516
Small Transformer-Finetuned,0,1498,1013
Small Transformer-Finetuned,0,1499,924
Small Transformer-Finetuned,0,1500,2251
Small Transformer-Finetuned,0,1501,2705
Small Transformer-Finetuned,0,1502,2693
Small Transformer-Finetuned,0,1503,3600
Small Transformer-Finetuned,0,1504,3543
Small Transformer-Finetuned,0,1505,"2713,2719,2721"
Small Transformer-Finetuned,0,1506,3003
Small Transformer-Finetuned,0,1507,1052
Small Transformer-Finetuned,0,1508,869
Small Transformer-Finetuned,0,1509,694
Small Transformer-Finetuned,0,1510,"431,434"
Small Transformer-Finetuned,0,1511,2402
Small Transformer-Finetuned,0,1512,2459
Small Transformer-Finetuned,0,1513,"3371,3372"
Small Transformer-Finetuned,0,1514,1065
Small Transformer-Finetuned,0,1515,765
Small Transformer-Finetuned,0,1516,2993
Small Transformer-Finetuned,0,1517,2473
Small Transformer-Finetuned,0,1518,"2115,2123"
Small Transformer-Finetuned,0,1519,3867
Small Transformer-Finetuned,0,1520,3052
Small Transformer-Finetuned,0,1521,2902
Small Transformer-Finetuned,0,1522,665
Small Transformer-Finetuned,0,1523,3468
Small Transformer-Finetuned,0,1524,2337
Small Transformer-Finetuned,0,1525,1165
Small Transformer-Finetuned,0,1526,"233,236,237"
Small Transformer-Finetuned,0,1527,"3328,3332"
Small Transformer-Finetuned,0,1528,"3660,3670,3681"
Small Transformer-Finetuned,0,1529,"235,1562"
Small Transformer-Finetuned,0,1530,3026
Small Transformer-Finetuned,0,1531,3794
Small Transformer-Finetuned,0,1532,435
Small Transformer-Finetuned,0,1533,1508
Small Transformer-Finetuned,0,1534,1541
Small Transformer-Finetuned,0,1535,3560
Small Transformer-Finetuned,0,1536,"3293,3327,3333"
Small Transformer-Finetuned,0,1537,"3264,3350"
Small Transformer-Finetuned,0,1538,"3250,3329"
Small Transformer-Finetuned,0,1539,"3245,3348"
Small Transformer-Finetuned,0,1540,"3276,3347"
Small Transformer-Finetuned,0,1541,"3336,3346"
Small Transformer-Finetuned,0,1542,3295
Small Transformer-Finetuned,0,1543,3369
Small Transformer-Finetuned,0,1544,3318
Small Transformer-Finetuned,0,1545,2757
Small Transformer-Finetuned,0,1546,2830
Small Transformer-Finetuned,0,1547,3241
Small Transformer-Finetuned,0,1548,1502
Small Transformer-Finetuned,0,1549,"1504,1553,1571"
Small Transformer-Finetuned,0,1550,1495
Small Transformer-Finetuned,0,1551,1532
Small Transformer-Finetuned,0,1552,"1518,1558"
Small Transformer-Finetuned,0,1553,1512
Small Transformer-Finetuned,0,1554,1569
Small Transformer-Finetuned,0,1555,"1494,1505,1560"
Small Transformer-Finetuned,0,1556,1538
Small Transformer-Finetuned,0,1557,"1557,1572"
Small Transformer-Finetuned,0,1558,"1509,1576"
Small Transformer-Finetuned,0,1559,1531
Small Transformer-Finetuned,0,1560,3914
Small Transformer-Finetuned,0,1561,1017
Small Transformer-Finetuned,0,1562,3558
Small Transformer-Finetuned,0,1563,3556
Small Transformer-Finetuned,0,1564,"3315,3373"
Small Transformer-Finetuned,0,1565,3491
Small Transformer-Finetuned,0,1566,1840
Small Transformer-Finetuned,0,1567,3305
Small Transformer-Finetuned,0,1568,"3671,3674"
Small Transformer-Finetuned,0,1569,"3662,3676"
Small Transformer-Finetuned,0,1570,"3654,3659,3678,3684,3689,3690"
Small Transformer-Finetuned,0,1571,3688
Small Transformer-Finetuned,0,1572,3883
Small Transformer-Finetuned,0,1573,3918
Small Transformer-Finetuned,0,1574,3565
Small Transformer-Finetuned,0,1575,"3428,3435"
Small Transformer-Finetuned,0,1576,3427
Small Transformer-Finetuned,0,1577,"562,568"
Small Transformer-Finetuned,0,1578,3568
Small Transformer-Finetuned,0,1579,3566
Small Transformer-Finetuned,0,1580,3572
Small Transformer-Finetuned,0,1581,"3554,3555"
Small Transformer-Finetuned,0,1582,32
Small Transformer-Finetuned,0,1583,1219
Small Transformer-Finetuned,0,1584,811
Small Transformer-Finetuned,0,1585,798
Small Transformer-Finetuned,0,1586,231
Small Transformer-Finetuned,0,1587,3255
Small Transformer-Finetuned,0,1588,2482
Small Transformer-Finetuned,0,1589,2185
Small Transformer-Finetuned,0,1590,2154
Small Transformer-Finetuned,0,1591,1007
Small Transformer-Finetuned,0,1592,3528
Small Transformer-Finetuned,0,1593,2901
Small Transformer-Finetuned,0,1594,1688
Small Transformer-Finetuned,0,1595,3349
Small Transformer-Finetuned,0,1596,1221
Small Transformer-Finetuned,0,1597,3441
Small Transformer-Finetuned,0,1598,432
Small Transformer-Finetuned,0,1599,1543
Small Transformer-Finetuned,0,1600,2651
Small Transformer-Finetuned,0,1601,471
Small Transformer-Finetuned,0,1602,2554
Small Transformer-Finetuned,0,1603,3525
Small Transformer-Finetuned,0,1604,3569
Small Transformer-Finetuned,0,1605,3260
Small Transformer-Finetuned,0,1606,"3325,3377"
Small Transformer-Finetuned,0,1607,1353
Small Transformer-Finetuned,0,1608,3573
Small Transformer-Finetuned,0,1609,469
Small Transformer-Finetuned,0,1610,1478
Small Transformer-Finetuned,0,1611,"1466,1472"
Small Transformer-Finetuned,0,1612,"3657,3683"
Small Transformer-Finetuned,0,1613,"3263,3360"
Small Transformer-Finetuned,0,1614,3866
Small Transformer-Finetuned,0,1615,2062
Small Transformer-Finetuned,0,1616,788
Small Transformer-Finetuned,0,1617,1685
Small Transformer-Finetuned,0,1618,3299
Small Transformer-Finetuned,0,1619,3978
Small Transformer-Finetuned,0,1620,3320
Small Transformer-Finetuned,0,1621,946
Small Transformer-Finetuned,0,1622,1535
Small Transformer-Finetuned,0,1623,3484
Small Transformer-Finetuned,0,1624,3489
Small Transformer-Finetuned,0,1625,3488
Small Transformer-Finetuned,0,1626,3492
Small Transformer-Finetuned,0,1627,1559
Small Transformer-Finetuned,0,1628,2392
Small Transformer-Finetuned,0,1629,"1235,1238"
Small Transformer-Finetuned,0,1630,1226
Small Transformer-Finetuned,0,1631,1477
Small Transformer-Finetuned,0,1632,2588
Small Transformer-Finetuned,0,1633,778
Small Transformer-Finetuned,0,1634,783
Small Transformer-Finetuned,0,1636,1686
Small Transformer-Finetuned,0,1637,2502
Small Transformer-Finetuned,0,1638,781
Small Transformer-Finetuned,0,1639,786
Small Transformer-Finetuned,0,1640,2467
Small Transformer-Finetuned,0,1641,"732,771,780"
Small Transformer-Finetuned,0,1642,738
Small Transformer-Finetuned,0,1643,2314
Small Transformer-Finetuned,0,1644,"1520,1555,1567"
Small Transformer-Finetuned,0,1645,776
Small Transformer-Finetuned,0,1646,772
Small Transformer-Finetuned,0,1647,2457
Small Transformer-Finetuned,0,1648,754
Small Transformer-Finetuned,0,1649,"1527,1575"
Small Transformer-Finetuned,0,1650,1016
Small Transformer-Finetuned,0,1651,1014
Small Transformer-Finetuned,0,1652,3434
Small Transformer-Finetuned,0,1653,1546
Small Transformer-Finetuned,0,1654,805
Small Transformer-Finetuned,0,1655,"1492,1530,1577"
Small Transformer-Finetuned,0,1656,"1493,1549"
Small Transformer-Finetuned,0,1657,1550
Small Transformer-Finetuned,0,1658,"1497,1498,1506,1523,1524,1552,1570"
Small Transformer-Finetuned,0,1659,"1496,1526,1561"
Small Transformer-Finetuned,0,1660,1528
Small Transformer-Finetuned,0,1661,"1514,1574"
Small Transformer-Finetuned,0,1662,670
Small Transformer-Finetuned,0,1663,1515
Small Transformer-Finetuned,0,1664,3482
Small Transformer-Finetuned,0,1665,1241
Small Transformer-Finetuned,0,1666,3904
Small Transformer-Finetuned,0,1667,3965
Small Transformer-Finetuned,0,1668,64
Small Transformer-Finetuned,0,1669,3663
Small Transformer-Finetuned,0,1670,1143
Small Transformer-Finetuned,0,1671,1579
Small Transformer-Finetuned,0,1672,584
Small Transformer-Finetuned,0,1673,737
Small Transformer-Finetuned,0,1674,787
Small Transformer-Finetuned,0,1675,"733,740"
Small Transformer-Finetuned,0,1676,790
Small Transformer-Finetuned,0,1677,"3967,3971"
Small Transformer-Finetuned,0,1678,"1486,1513,1521,1564"
Small Transformer-Finetuned,0,1679,760
Small Transformer-Finetuned,0,1680,1339
Small Transformer-Finetuned,0,1681,1201
Small Transformer-Finetuned,0,1682,2400
Small Transformer-Finetuned,0,1683,2156
Small Transformer-Finetuned,0,1684,1913
Small Transformer-Finetuned,0,1685,1447
Small Transformer-Finetuned,0,1686,1433
Small Transformer-Finetuned,0,1687,840
Small Transformer-Finetuned,0,1688,1425
Small Transformer-Finetuned,0,1689,1438
Small Transformer-Finetuned,0,1690,1429
Small Transformer-Finetuned,0,1691,"1445,1448"
Small Transformer-Finetuned,0,1692,1434
Small Transformer-Finetuned,0,1693,1756
Small Transformer-Finetuned,0,1694,2626
Small Transformer-Finetuned,0,1695,1440
Small Transformer-Finetuned,0,1696,1853
Small Transformer-Finetuned,0,1697,"1773,1782"
Small Transformer-Finetuned,0,1698,1712
Small Transformer-Finetuned,0,1699,"1753,1826,1855"
Small Transformer-Finetuned,0,1700,2630
Small Transformer-Finetuned,0,1701,2624
Small Transformer-Finetuned,0,1702,1427
Small Transformer-Finetuned,0,1703,1435
Small Transformer-Finetuned,0,1704,3532
Small Transformer-Finetuned,0,1705,3728
Small Transformer-Finetuned,0,1706,1107
Small Transformer-Finetuned,0,1707,3553
Small Transformer-Finetuned,0,1708,1679
Small Transformer-Finetuned,0,1709,3541
Small Transformer-Finetuned,0,1710,"3661,3682"
Small Transformer-Finetuned,0,1711,3652
Small Transformer-Finetuned,0,1712,125
Small Transformer-Finetuned,0,1713,3048
Small Transformer-Finetuned,0,1714,"230,234"
Small Transformer-Finetuned,0,1715,3030
Small Transformer-Finetuned,0,1716,2577
Small Transformer-Finetuned,0,1717,3627
Small Transformer-Finetuned,0,1718,2697
Small Transformer-Finetuned,0,1719,3623
Small Transformer-Finetuned,0,1720,1240
Small Transformer-Finetuned,0,1721,2690
Small Transformer-Finetuned,0,1722,"3668,3680,3686"
Small Transformer-Finetuned,0,1723,"3655,3656,3673"
Small Transformer-Finetuned,0,1724,1332
Small Transformer-Finetuned,0,1725,3570
Small Transformer-Finetuned,0,1726,1218
Small Transformer-Finetuned,0,1727,2640
Small Transformer-Finetuned,0,1728,2701
Small Transformer-Finetuned,0,1729,3144
Small Transformer-Finetuned,0,1730,1296
Small Transformer-Finetuned,0,1731,"3502,3503"
Small Transformer-Finetuned,0,1732,1436
Small Transformer-Finetuned,0,1733,2636
Small Transformer-Finetuned,0,1734,1453
Small Transformer-Finetuned,0,1735,"837,3539"
Small Transformer-Finetuned,0,1736,3220
Small Transformer-Finetuned,0,1737,2783
Small Transformer-Finetuned,0,1738,"2778,2799"
Small Transformer-Finetuned,0,1739,2771
Small Transformer-Finetuned,0,1740,1164
Small Transformer-Finetuned,0,1741,2765
Small Transformer-Finetuned,0,1742,3816
Small Transformer-Finetuned,0,1743,"2759,2785,2810,2829"
Small Transformer-Finetuned,0,1744,2767
Small Transformer-Finetuned,0,1745,2780
Small Transformer-Finetuned,0,1746,"2798,2809"
Small Transformer-Finetuned,0,1747,2764
Small Transformer-Finetuned,0,1748,2745
Small Transformer-Finetuned,0,1749,"2801,2836"
Small Transformer-Finetuned,0,1750,2769
Small Transformer-Finetuned,0,1751,3321
Small Transformer-Finetuned,0,1752,2817
Small Transformer-Finetuned,0,1753,2818
Small Transformer-Finetuned,0,1754,1350
Small Transformer-Finetuned,0,1755,782
Small Transformer-Finetuned,0,1756,2786
Small Transformer-Finetuned,0,1757,1352
Small Transformer-Finetuned,0,1758,"2755,2781,2782"
Small Transformer-Finetuned,0,1759,2825
Small Transformer-Finetuned,0,1760,2789
Small Transformer-Finetuned,0,1761,2762
Small Transformer-Finetuned,0,1762,865
Small Transformer-Finetuned,0,1763,"2779,2842"
Small Transformer-Finetuned,0,1764,2784
Small Transformer-Finetuned,0,1765,1540
Small Transformer-Finetuned,0,1766,1568
Small Transformer-Finetuned,0,1767,1563
Small Transformer-Finetuned,0,1768,1533
Small Transformer-Finetuned,0,1769,1544
Small Transformer-Finetuned,0,1770,1542
Small Transformer-Finetuned,0,1771,1573
Small Transformer-Finetuned,0,1772,1522
Small Transformer-Finetuned,0,1773,1501
Small Transformer-Finetuned,0,1774,1539
Small Transformer-Finetuned,0,1775,746
Small Transformer-Finetuned,0,1776,1503
Small Transformer-Finetuned,0,1777,3599
Small Transformer-Finetuned,0,1778,3211
Small Transformer-Finetuned,0,1779,2682
Small Transformer-Finetuned,0,1780,2680
Small Transformer-Finetuned,0,1781,1489
Small Transformer-Finetuned,0,1782,1883
Small Transformer-Finetuned,0,1783,"1344,1348"
Small Transformer-Finetuned,0,1784,2787
Small Transformer-Finetuned,0,1785,1480
Small Transformer-Finetuned,0,1786,1484
Small Transformer-Finetuned,0,1787,"1462,1471"
Small Transformer-Finetuned,0,1788,"1799,1820"
Small Transformer-Finetuned,0,1789,1710
Small Transformer-Finetuned,0,1790,1341
Small Transformer-Finetuned,0,1791,2631
Small Transformer-Finetuned,0,1792,124
Small Transformer-Finetuned,0,1793,3624
Small Transformer-Finetuned,0,1794,2225
Small Transformer-Finetuned,0,1795,2760
Small Transformer-Finetuned,0,1796,"2743,2814"
Small Transformer-Finetuned,0,1797,2742
Small Transformer-Finetuned,0,1798,1336
Small Transformer-Finetuned,0,1799,1374
Small Transformer-Finetuned,0,1800,3497
Small Transformer-Finetuned,0,1801,1843
Small Transformer-Finetuned,0,1802,"1837,1844"
Small Transformer-Finetuned,0,1803,66
Small Transformer-Finetuned,0,1804,1234
Small Transformer-Finetuned,0,1805,768
Small Transformer-Finetuned,0,1806,1239
Small Transformer-Finetuned,0,1807,779
Small Transformer-Finetuned,0,1808,777
Small Transformer-Finetuned,0,1809,2144
Small Transformer-Finetuned,0,1810,1487
Small Transformer-Finetuned,0,1811,1473
Small Transformer-Finetuned,0,1812,1587
Small Transformer-Finetuned,0,1813,1439
Small Transformer-Finetuned,0,1814,1431
Small Transformer-Finetuned,0,1815,1437
Small Transformer-Finetuned,0,1816,1831
Small Transformer-Finetuned,0,1817,"1793,1824,1856"
Small Transformer-Finetuned,0,1818,1378
Small Transformer-Finetuned,0,1819,1379
Small Transformer-Finetuned,0,1820,"1100,1101,1102,1110,1114"
Small Transformer-Finetuned,0,1821,1108
Small Transformer-Finetuned,0,1822,2999
Small Transformer-Finetuned,0,1823,3001
Small Transformer-Finetuned,0,1824,794
Small Transformer-Finetuned,0,1825,2302
Small Transformer-Finetuned,0,1826,"3885,3916"
Small Transformer-Finetuned,0,1827,3884
Small Transformer-Finetuned,0,1828,3963
Small Transformer-Finetuned,0,1829,1829
Small Transformer-Finetuned,0,1830,2773
Small Transformer-Finetuned,0,1831,3954
Small Transformer-Finetuned,0,1832,2788
Small Transformer-Finetuned,0,1833,1474
Small Transformer-Finetuned,0,1834,1482
Small Transformer-Finetuned,0,1835,"1464,1485"
Small Transformer-Finetuned,0,1836,2804
Small Transformer-Finetuned,0,1837,1490
Small Transformer-Finetuned,0,1838,1460
Small Transformer-Finetuned,0,1839,"1488,1517"
Small Transformer-Finetuned,0,1840,1483
Small Transformer-Finetuned,0,1841,1479
Small Transformer-Finetuned,0,1842,1470
Small Transformer-Finetuned,0,1843,1461
Small Transformer-Finetuned,0,1844,1788
Small Transformer-Finetuned,0,1845,"752,757"
Small Transformer-Finetuned,0,1846,793
Small Transformer-Finetuned,0,1847,744
Small Transformer-Finetuned,0,1848,2244
Small Transformer-Finetuned,0,1849,791
Small Transformer-Finetuned,0,1850,"1519,1545,1551"
Small Transformer-Finetuned,0,1851,743
Small Transformer-Finetuned,0,1852,3973
Small Transformer-Finetuned,0,1853,751
Small Transformer-Finetuned,0,1854,867
Small Transformer-Finetuned,0,1855,1456
Small Transformer-Finetuned,0,1856,123
Small Transformer-Finetuned,0,1857,1507
Small Transformer-Finetuned,0,1858,"1499,1536"
Small Transformer-Finetuned,0,1859,3393
Small Transformer-Finetuned,0,1860,2308
Small Transformer-Finetuned,0,1861,1922
Small Transformer-Finetuned,0,1862,3218
Small Transformer-Finetuned,0,1863,1920
Small Transformer-Finetuned,0,1864,2083
Small Transformer-Finetuned,0,1865,1200
Small Transformer-Finetuned,0,1866,1066
Small Transformer-Finetuned,0,1867,2179
Small Transformer-Finetuned,0,1868,2147
Small Transformer-Finetuned,0,1869,3666
Small Transformer-Finetuned,0,1870,1554
Small Transformer-Finetuned,0,1871,3476
Small Transformer-Finetuned,0,1872,"1590,1602"
Small Transformer-Finetuned,0,1873,1280
Small Transformer-Finetuned,0,1874,2683
Small Transformer-Finetuned,0,1875,2220
Small Transformer-Finetuned,0,1876,2125
Small Transformer-Finetuned,0,1877,3669
Small Transformer-Finetuned,0,1878,1195
Small Transformer-Finetuned,0,1879,3317
Small Transformer-Finetuned,0,1880,3249
Small Transformer-Finetuned,0,1881,1206
Small Transformer-Finetuned,0,1882,3067
Small Transformer-Finetuned,0,1883,1244
Small Transformer-Finetuned,0,1884,3719
Small Transformer-Finetuned,0,1885,3957
Small Transformer-Finetuned,0,1886,3958
Small Transformer-Finetuned,0,1887,2235
Small Transformer-Finetuned,0,1888,3959
Small Transformer-Finetuned,0,1889,"2711,2717"
Small Transformer-Finetuned,0,1890,3051
Small Transformer-Finetuned,0,1891,674
Small Transformer-Finetuned,0,1892,232
Small Transformer-Finetuned,0,1893,3665
Small Transformer-Finetuned,0,1894,3650
Small Transformer-Finetuned,0,1895,"3664,3685"
Small Transformer-Finetuned,0,1896,490
Small Transformer-Finetuned,0,1897,1848
Small Transformer-Finetuned,0,1898,1786
Small Transformer-Finetuned,0,1899,"1713,1770"
Small Transformer-Finetuned,0,1900,3672
Small Transformer-Finetuned,0,1901,"3651,3658,3667"
Small Transformer-Finetuned,0,1902,934
Small Transformer-Finetuned,0,1903,2039
Small Transformer-Finetuned,0,1904,2796
Small Transformer-Finetuned,0,1905,2230
Small Transformer-Finetuned,0,1906,"2155,2158"
Small Transformer-Finetuned,0,1907,2134
Small Transformer-Finetuned,0,1908,2157
Small Transformer-Finetuned,0,1912,3038
Small Transformer-Finetuned,0,1913,1026
Small Transformer-Finetuned,0,1914,890
Small Transformer-Finetuned,0,1915,1156
Small Transformer-Finetuned,0,1916,433
Small Transformer-Finetuned,0,1917,"1043,1044,1045"
Small Transformer-Finetuned,0,1918,2056
Small Transformer-Finetuned,0,1919,484
Small Transformer-Finetuned,0,1920,447
Small Transformer-Finetuned,0,1921,3527
Small Transformer-Finetuned,0,1922,2692
Small Transformer-Finetuned,0,1923,2116
Small Transformer-Finetuned,0,1925,2998
Small Transformer-Finetuned,0,1926,2069
Small Transformer-Finetuned,0,1927,2100
Small Transformer-Finetuned,0,1928,2080
Small Transformer-Finetuned,0,1929,3399
Small Transformer-Finetuned,0,1930,3397
Small Transformer-Finetuned,0,1931,3410
Small Transformer-Finetuned,0,1934,"1076,1077,1088,1090,1095"
Small Transformer-Finetuned,0,1935,2397
Small Transformer-Finetuned,0,1936,1880
Small Transformer-Finetuned,0,1937,3907
Small Transformer-Finetuned,0,1938,3278
Small Transformer-Finetuned,0,1939,"3253,3297"
Small Transformer-Finetuned,0,1940,3910
Small Transformer-Finetuned,0,1941,"1317,1330"
Small Transformer-Finetuned,0,1942,3574
Small Transformer-Finetuned,0,1943,3417
Small Transformer-Finetuned,0,1944,45
Small Transformer-Finetuned,0,1945,"555,556,560,561,570"
Small Transformer-Finetuned,0,1946,2341
Small Transformer-Finetuned,0,1947,3875
Small Transformer-Finetuned,0,1948,489
Small Transformer-Finetuned,0,1949,3621
Small Transformer-Finetuned,0,1950,1334
Small Transformer-Finetuned,0,1951,3480
Small Transformer-Finetuned,0,1952,1085
Small Transformer-Finetuned,0,1953,60
Small Transformer-Finetuned,0,1954,3977
Small Transformer-Finetuned,0,1955,1359
Small Transformer-Finetuned,0,1956,3135
Small Transformer-Finetuned,0,1957,1601
Small Transformer-Finetuned,0,1959,2300
Small Transformer-Finetuned,0,1960,2827
Small Transformer-Finetuned,0,1961,"2446,2479,2503,2515,2522"
Small Transformer-Finetuned,0,1962,950
Small Transformer-Finetuned,0,1963,1340
Small Transformer-Finetuned,0,1965,2059
Small Transformer-Finetuned,0,1966,3888
Small Transformer-Finetuned,0,1967,3989
Small Transformer-Finetuned,0,1969,2071
Small Transformer-Finetuned,0,1971,2839
Small Transformer-Finetuned,0,1972,2838
Small Transformer-Finetuned,0,1973,607
Small Transformer-Finetuned,0,1974,3877
Small Transformer-Finetuned,0,1975,3873
Small Transformer-Finetuned,0,1976,2047
Small Transformer-Finetuned,0,1978,784
Small Transformer-Finetuned,0,1982,2084
Small Transformer-Finetuned,0,1983,2395
Small Transformer-Finetuned,0,1984,475
Small Transformer-Finetuned,0,1985,2558
Small Transformer-Finetuned,0,1986,48
Small Transformer-Finetuned,0,1987,2385
Small Transformer-Finetuned,0,1988,3420
Small Transformer-Finetuned,0,1989,2837
Small Transformer-Finetuned,0,1990,476
Small Transformer-Finetuned,0,1991,1621
Small Transformer-Finetuned,0,1992,"773,1031"
Small Transformer-Finetuned,0,1993,1343
Small Transformer-Finetuned,0,1994,1355
Small Transformer-Finetuned,0,1995,3876
Small Transformer-Finetuned,0,1996,1069
Small Transformer-Finetuned,0,1997,3467
Small Transformer-Finetuned,0,1998,1647
Small Transformer-Finetuned,0,1999,3874
Small Transformer-Finetuned,0,2000,895
Small Transformer-Finetuned,0,2001,1349
Small Transformer-Finetuned,0,2002,"1430,1441"
Small Transformer-Finetuned,0,2003,111
Small Transformer-Finetuned,0,2004,"1316,1324,1331"
Small Transformer-Finetuned,0,2005,1328
Small Transformer-Finetuned,0,2006,658
Small Transformer-Finetuned,0,2007,"1612,1622,1626,1641,1651"
Small Transformer-Finetuned,0,2008,3472
Small Transformer-Finetuned,0,2009,1046
Small Transformer-Finetuned,0,2010,1047
Small Transformer-Finetuned,0,2011,2070
Small Transformer-Finetuned,0,2012,"2067,2092"
Small Transformer-Finetuned,0,2013,1644
Small Transformer-Finetuned,0,2014,"2819,2820"
Small Transformer-Finetuned,0,2015,3880
Small Transformer-Finetuned,0,2016,1634
Small Transformer-Finetuned,0,2017,2068
Small Transformer-Finetuned,0,2018,1887
Small Transformer-Finetuned,0,2019,1892
Small Transformer-Finetuned,0,2020,3879
Small Transformer-Finetuned,0,2021,3908
Small Transformer-Finetuned,0,2022,3764
Small Transformer-Finetuned,0,2023,"3748,3749"
Small Transformer-Finetuned,0,2024,3475
Small Transformer-Finetuned,0,2025,3477
Small Transformer-Finetuned,0,2026,3474
Small Transformer-Finetuned,0,2027,"2088,2097"
Small Transformer-Finetuned,0,2028,2710
Small Transformer-Finetuned,0,2029,2380
Small Transformer-Finetuned,0,2030,"2103,2105,2107,2114,2117"
Small Transformer-Finetuned,0,2031,3730
Small Transformer-Finetuned,0,2032,2541
Small Transformer-Finetuned,0,2033,2536
Small Transformer-Finetuned,0,2034,831
Small Transformer-Finetuned,0,2035,2118
Small Transformer-Finetuned,0,2036,3721
Small Transformer-Finetuned,0,2037,1035
Small Transformer-Finetuned,0,2038,1384
Small Transformer-Finetuned,0,2039,941
Small Transformer-Finetuned,0,2040,1261
Small Transformer-Finetuned,0,2041,3028
Small Transformer-Finetuned,0,2042,1890
Small Transformer-Finetuned,0,2043,3763
Small Transformer-Finetuned,0,2044,1578
Small Transformer-Finetuned,0,2045,1580
Small Transformer-Finetuned,0,2046,1258
Small Transformer-Finetuned,0,2047,1260
Small Transformer-Finetuned,0,2048,1033
Small Transformer-Finetuned,0,2049,1175
Small Transformer-Finetuned,0,2050,2991
Small Transformer-Finetuned,0,2051,3925
Small Transformer-Finetuned,0,2052,3924
Small Transformer-Finetuned,0,2053,1884
Small Transformer-Finetuned,0,2054,1643
Small Transformer-Finetuned,0,2055,2372
Small Transformer-Finetuned,0,2056,3768
Small Transformer-Finetuned,0,2057,2377
Small Transformer-Finetuned,0,2059,1068
Small Transformer-Finetuned,0,2060,742
Small Transformer-Finetuned,0,2061,1646
Small Transformer-Finetuned,0,2062,818
Small Transformer-Finetuned,0,2063,"1615,1653"
Small Transformer-Finetuned,0,2065,1637
Small Transformer-Finetuned,0,2066,3871
Small Transformer-Finetuned,0,2067,1639
Small Transformer-Finetuned,0,2068,3897
Small Transformer-Finetuned,0,2069,3896
Small Transformer-Finetuned,0,2070,3473
Small Transformer-Finetuned,0,2071,3425
Small Transformer-Finetuned,0,2072,1205
Small Transformer-Finetuned,0,2073,1645
Small Transformer-Finetuned,0,2074,1038
Small Transformer-Finetuned,0,2075,1642
Small Transformer-Finetuned,0,2076,1636
Small Transformer-Finetuned,0,2077,"833,834"
Small Transformer-Finetuned,0,2078,2561
Small Transformer-Finetuned,0,2079,3747
Small Transformer-Finetuned,0,2080,2211
Small Transformer-Finetuned,0,2081,2087
Small Transformer-Finetuned,0,2082,3401
Small Transformer-Finetuned,0,2083,3188
Small Transformer-Finetuned,0,2084,2064
Small Transformer-Finetuned,0,2085,"1898,1903,1904"
Small Transformer-Finetuned,0,2086,2343
Small Transformer-Finetuned,0,2087,2072
Small Transformer-Finetuned,0,2088,3185
Small Transformer-Finetuned,0,2089,3210
Small Transformer-Finetuned,0,2090,606
Small Transformer-Finetuned,0,2091,2038
Small Transformer-Finetuned,0,2092,3636
Small Transformer-Finetuned,0,2093,"3737,3739"
Small Transformer-Finetuned,0,2094,3133
Small Transformer-Finetuned,0,2095,1752
Small Transformer-Finetuned,0,2096,2854
Small Transformer-Finetuned,0,2097,425
Small Transformer-Finetuned,0,2098,"3533,3535"
Small Transformer-Finetuned,0,2099,2775
Small Transformer-Finetuned,0,2100,1450
Small Transformer-Finetuned,0,2101,1135
Small Transformer-Finetuned,0,2102,"3344,3351,3355"
Small Transformer-Finetuned,0,2103,"3251,3266,3341"
Small Transformer-Finetuned,0,2104,3306
Small Transformer-Finetuned,0,2105,"3402,3412"
Small Transformer-Finetuned,0,2106,221
Small Transformer-Finetuned,0,2107,223
Small Transformer-Finetuned,0,2108,2203
Small Transformer-Finetuned,0,2109,"1008,1009"
Small Transformer-Finetuned,0,2110,2822
Small Transformer-Finetuned,0,2111,3400
Small Transformer-Finetuned,0,2112,"3905,3917"
Small Transformer-Finetuned,0,2113,1006
Small Transformer-Finetuned,0,2114,2074
Small Transformer-Finetuned,0,2115,1665
Small Transformer-Finetuned,0,2116,611
Small Transformer-Finetuned,0,2117,3787
Small Transformer-Finetuned,0,2118,1676
Small Transformer-Finetuned,0,2119,1516
Small Transformer-Finetuned,0,2120,"1632,1633"
Small Transformer-Finetuned,0,2121,1154
Small Transformer-Finetuned,0,2122,2840
Small Transformer-Finetuned,0,2123,2751
Small Transformer-Finetuned,0,2124,"2747,2766,2828,2832"
Small Transformer-Finetuned,0,2125,2753
Small Transformer-Finetuned,0,2126,2749
Small Transformer-Finetuned,0,2127,2790
Small Transformer-Finetuned,0,2128,2806
Small Transformer-Finetuned,0,2129,1360
Small Transformer-Finetuned,0,2130,2746
Small Transformer-Finetuned,0,2131,2772
Small Transformer-Finetuned,0,2132,220
Small Transformer-Finetuned,0,2133,238
Small Transformer-Finetuned,0,2134,2826
Small Transformer-Finetuned,0,2135,2387
Small Transformer-Finetuned,0,2136,2831
Small Transformer-Finetuned,0,2137,"1148,1150"
Small Transformer-Finetuned,0,2138,2808
Small Transformer-Finetuned,0,2139,3198
Small Transformer-Finetuned,0,2140,826
Small Transformer-Finetuned,0,2142,1629
Small Transformer-Finetuned,0,2143,"1638,1650"
Small Transformer-Finetuned,0,2144,1346
Small Transformer-Finetuned,0,2145,2794
Small Transformer-Finetuned,0,2146,1106
Small Transformer-Finetuned,0,2147,1623
Small Transformer-Finetuned,0,2148,2777
Small Transformer-Finetuned,0,2149,224
Small Transformer-Finetuned,0,2150,3986
Small Transformer-Finetuned,0,2151,753
Small Transformer-Finetuned,0,2152,3050
Small Transformer-Finetuned,0,2153,3398
Small Transformer-Finetuned,0,2154,3414
Small Transformer-Finetuned,0,2155,"1040,1041"
Small Transformer-Finetuned,0,2156,3494
Small Transformer-Finetuned,0,2157,3481
Small Transformer-Finetuned,0,2158,1229
Small Transformer-Finetuned,0,2159,3304
Small Transformer-Finetuned,0,2160,2468
Small Transformer-Finetuned,0,2161,3419
Small Transformer-Finetuned,0,2162,"3395,3416"
Small Transformer-Finetuned,0,2163,"3408,3409"
Small Transformer-Finetuned,0,2164,3407
Small Transformer-Finetuned,0,2165,222
Small Transformer-Finetuned,0,2166,3413
Small Transformer-Finetuned,0,2167,"1223,1224,1227,1228,1230,1233"
Small Transformer-Finetuned,0,2168,"1220,1222,1225,1237"
Small Transformer-Finetuned,0,2169,984
Small Transformer-Finetuned,0,2170,1476
Small Transformer-Finetuned,0,2171,2622
Small Transformer-Finetuned,0,2172,1619
Small Transformer-Finetuned,0,2173,1475
Small Transformer-Finetuned,0,2174,1648
Small Transformer-Finetuned,0,2175,736
Small Transformer-Finetuned,0,2176,493
Small Transformer-Finetuned,0,2177,2456
Small Transformer-Finetuned,0,2178,"3403,3422"
Small Transformer-Finetuned,0,2179,2589
Small Transformer-Finetuned,0,2180,3486
Small Transformer-Finetuned,0,2181,2992
Small Transformer-Finetuned,0,2182,1141
Small Transformer-Finetuned,0,2183,1640
Small Transformer-Finetuned,0,2184,1138
Small Transformer-Finetuned,0,2185,1618
Small Transformer-Finetuned,0,2186,2188
Small Transformer-Finetuned,0,2187,1652
Small Transformer-Finetuned,0,2188,2811
Small Transformer-Finetuned,0,2189,2807
Small Transformer-Finetuned,0,2190,1232
Small Transformer-Finetuned,0,2191,1320
Small Transformer-Finetuned,0,2192,3755
Small Transformer-Finetuned,0,2193,2371
Small Transformer-Finetuned,0,2194,2373
Small Transformer-Finetuned,0,2195,1302
Small Transformer-Finetuned,0,2196,2758
Small Transformer-Finetuned,0,2197,3418
Small Transformer-Finetuned,0,2198,2813
Small Transformer-Finetuned,0,2199,"2756,2768"
Small Transformer-Finetuned,0,2200,2834
Small Transformer-Finetuned,0,2201,2816
Small Transformer-Finetuned,0,2202,2797
Small Transformer-Finetuned,0,2203,2795
Small Transformer-Finetuned,0,2204,2763
Small Transformer-Finetuned,0,2205,"2791,2812,2815"
Small Transformer-Finetuned,0,2206,2803
Small Transformer-Finetuned,0,2207,"2761,2805"
Small Transformer-Finetuned,0,2208,3421
Small Transformer-Finetuned,0,2209,3406
Small Transformer-Finetuned,0,2210,3411
Small Transformer-Finetuned,0,2211,1231
Small Transformer-Finetuned,0,2212,"2752,2770,2792"
Small Transformer-Finetuned,0,2213,2776
Small Transformer-Finetuned,0,2214,2800
Small Transformer-Finetuned,0,2215,2833
Small Transformer-Finetuned,0,2216,2824
Small Transformer-Finetuned,0,2217,2754
Small Transformer-Finetuned,0,2218,2750
Small Transformer-Finetuned,0,2219,2841
Small Transformer-Finetuned,0,2220,2823
Small Transformer-Finetuned,0,2221,2821
Small Transformer-Finetuned,0,2222,2774
Small Transformer-Finetuned,0,2223,1335
Small Transformer-Finetuned,0,2224,2379
Small Transformer-Finetuned,0,2225,2378
Small Transformer-Finetuned,0,2226,1654
Small Transformer-Finetuned,0,2227,2744
Small Transformer-Finetuned,0,2228,2376
Small Transformer-Finetuned,0,2229,1144
Small Transformer-Finetuned,0,2230,1380
Small Transformer-Finetuned,0,2231,2535
Small Transformer-Finetuned,0,2232,3217
Small Transformer-Finetuned,0,2233,"225,226"
Small Transformer-Finetuned,0,2234,"2260,2267"
Small Transformer-Finetuned,0,2235,1351
Small Transformer-Finetuned,0,2236,3707
Small Transformer-Finetuned,0,2237,1064
Small Transformer-Finetuned,0,2238,2520
Small Transformer-Finetuned,0,2239,3271
Small Transformer-Finetuned,0,2240,"3316,3354"
Small Transformer-Finetuned,0,2241,3248
Small Transformer-Finetuned,0,2242,3443
Small Transformer-Finetuned,0,2243,713
Small Transformer-Finetuned,0,2244,706
Small Transformer-Finetuned,0,2245,708
Small Transformer-Finetuned,0,2246,3756
Small Transformer-Finetuned,0,2247,3771
Small Transformer-Finetuned,0,2248,3767
Small Transformer-Finetuned,0,2249,1168
Small Transformer-Finetuned,0,2250,"973,975"
Small Transformer-Finetuned,0,2251,979
Small Transformer-Finetuned,0,2252,710
Small Transformer-Finetuned,0,2254,705
Small Transformer-Finetuned,0,2258,2426
Small Transformer-Finetuned,0,2259,"2417,2506"
Small Transformer-Finetuned,0,2260,2547
Small Transformer-Finetuned,0,2261,2470
Small Transformer-Finetuned,0,2262,2471
Small Transformer-Finetuned,0,2263,2498
Small Transformer-Finetuned,0,2264,1245
Small Transformer-Finetuned,0,2265,3087
Small Transformer-Finetuned,0,2266,2435
Small Transformer-Finetuned,0,2267,"3078,3079"
Small Transformer-Finetuned,0,2268,3086
Small Transformer-Finetuned,0,2269,2476
Small Transformer-Finetuned,0,2270,3085
Small Transformer-Finetuned,0,2271,3201
Small Transformer-Finetuned,0,2272,3184
Small Transformer-Finetuned,0,2273,709
Small Transformer-Finetuned,0,2274,2985
Small Transformer-Finetuned,0,2275,3183
Small Transformer-Finetuned,0,2276,2518
Small Transformer-Finetuned,0,2277,"2477,2508"
Small Transformer-Finetuned,0,2278,3150
Small Transformer-Finetuned,0,2279,3174
Small Transformer-Finetuned,0,2280,2493
Small Transformer-Finetuned,0,2281,3157
Small Transformer-Finetuned,0,2282,3190
Small Transformer-Finetuned,0,2283,"3156,3181"
Small Transformer-Finetuned,0,2284,"3178,3204"
Small Transformer-Finetuned,0,2285,3169
Small Transformer-Finetuned,0,2286,3159
Small Transformer-Finetuned,0,2287,"3084,3089"
Small Transformer-Finetuned,0,2288,3082
Small Transformer-Finetuned,0,2289,2494
Small Transformer-Finetuned,0,2290,3206
Small Transformer-Finetuned,0,2291,"3167,3192"
Small Transformer-Finetuned,0,2292,3147
Small Transformer-Finetuned,0,2293,3081
Small Transformer-Finetuned,0,2294,3766
Small Transformer-Finetuned,0,2295,3396
Small Transformer-Finetuned,0,2296,3125
Small Transformer-Finetuned,0,2297,3598
Small Transformer-Finetuned,0,2298,1595
Small Transformer-Finetuned,0,2299,1594
Small Transformer-Finetuned,0,2300,3448
Small Transformer-Finetuned,0,2301,2174
Small Transformer-Finetuned,0,2302,"1423,1426"
Small Transformer-Finetuned,0,2303,2150
Small Transformer-Finetuned,0,2304,2181
Small Transformer-Finetuned,0,2305,2146
Small Transformer-Finetuned,0,2306,2175
Small Transformer-Finetuned,0,2307,2168
Small Transformer-Finetuned,0,2308,2167
Small Transformer-Finetuned,0,2309,2180
Small Transformer-Finetuned,0,2310,2170
Small Transformer-Finetuned,0,2311,2135
Small Transformer-Finetuned,0,2312,2128
Small Transformer-Finetuned,0,2313,2802
Small Transformer-Finetuned,0,2314,2166
Small Transformer-Finetuned,0,2315,2137
Small Transformer-Finetuned,0,2316,"2131,2133"
Small Transformer-Finetuned,0,2317,2173
Small Transformer-Finetuned,0,2318,2206
Small Transformer-Finetuned,0,2319,2183
Small Transformer-Finetuned,0,2320,2162
Small Transformer-Finetuned,0,2321,2169
Small Transformer-Finetuned,0,2322,"2130,2139"
Small Transformer-Finetuned,0,2323,2161
Small Transformer-Finetuned,0,2324,2186
Small Transformer-Finetuned,0,2325,2171
Small Transformer-Finetuned,0,2326,2163
Small Transformer-Finetuned,0,2327,2160
Small Transformer-Finetuned,0,2328,2136
Small Transformer-Finetuned,0,2329,"2140,2176"
Small Transformer-Finetuned,0,2330,2159
Small Transformer-Finetuned,0,2331,2138
Small Transformer-Finetuned,0,2332,2177
Small Transformer-Finetuned,0,2333,707
Small Transformer-Finetuned,0,2334,3015
Small Transformer-Finetuned,0,2335,3405
Small Transformer-Finetuned,0,2336,3404
Small Transformer-Finetuned,0,2337,3394
Small Transformer-Finetuned,0,2338,3442
Small Transformer-Finetuned,0,2339,2793
Small Transformer-Finetuned,0,2340,"2132,2149"
Small Transformer-Finetuned,0,2341,2165
Small Transformer-Finetuned,0,2349,2390
Small Transformer-Finetuned,0,2352,3065
Small Transformer-Finetuned,0,2356,3922
Small Transformer-Finetuned,0,2357,2295
Small Transformer-Finetuned,0,2358,970
Small Transformer-Finetuned,0,2364,3459
Small Transformer-Finetuned,0,2368,3928
Small Transformer-Finetuned,0,2374,"1265,1268"
Small Transformer-Finetuned,0,2375,3452
Small Transformer-Finetuned,0,2376,2436
Small Transformer-Finetuned,0,2381,843
Small Transformer-Finetuned,0,2385,"3589,3590"
Small Transformer-Finetuned,0,2386,2524
Small Transformer-Finetuned,0,2388,3162
Small Transformer-Finetuned,0,2389,3164
Small Transformer-Finetuned,0,2391,2303
Small Transformer-Finetuned,0,2392,3130
Small Transformer-Finetuned,0,2393,1087
Small Transformer-Finetuned,0,2394,"1057,1058"
Small Transformer-Finetuned,0,2395,477
Small Transformer-Finetuned,0,2397,3386
Small Transformer-Finetuned,0,2399,1021
Small Transformer-Finetuned,0,2401,2058
Small Transformer-Finetuned,0,2402,1702
Small Transformer-Finetuned,0,2403,2061
Small Transformer-Finetuned,0,2404,2618
Small Transformer-Finetuned,0,2405,2900
Small Transformer-Finetuned,0,2410,3567
Small Transformer-Finetuned,0,2411,"1386,1412"
Small Transformer-Finetuned,0,2412,1388
Small Transformer-Finetuned,0,2413,3564
Small Transformer-Finetuned,0,2414,3895
Small Transformer-Finetuned,0,2415,2305
Small Transformer-Finetuned,0,2416,2584
Small Transformer-Finetuned,0,2417,2529
Small Transformer-Finetuned,0,2418,1707
Small Transformer-Finetuned,0,2421,1080
Small Transformer-Finetuned,0,2425,"3882,3909"
Small Transformer-Finetuned,0,2426,51
Small Transformer-Finetuned,0,2428,1073
Small Transformer-Finetuned,0,2431,"2256,2262,2264"
Small Transformer-Finetuned,0,2433,662
Small Transformer-Finetuned,0,2440,"2318,3214"
Small Transformer-Finetuned,0,2444,1369
Small Transformer-Finetuned,0,2448,"3886,3901"
Small Transformer-Finetuned,0,2449,3887
Small Transformer-Finetuned,0,2452,"3697,3699"
Small Transformer-Finetuned,0,2454,2845
Small Transformer-Finetuned,0,2455,1363
Small Transformer-Finetuned,0,2457,1375
Small Transformer-Finetuned,0,2459,511
Small Transformer-Finetuned,0,2465,2594
Small Transformer-Finetuned,0,2469,671
Small Transformer-Finetuned,0,2471,847
Small Transformer-Finetuned,0,2472,1272
Small Transformer-Finetuned,0,2473,"2559,2569,2573,2580,2599,2601,2614"
Small Transformer-Finetuned,0,2474,3053
Small Transformer-Finetuned,0,2475,2108
Small Transformer-Finetuned,0,2476,3455
Small Transformer-Finetuned,0,2477,2600
Small Transformer-Finetuned,0,2478,"3460,3465"
Small Transformer-Finetuned,0,2479,3641
Small Transformer-Finetuned,0,2480,550
Small Transformer-Finetuned,0,2481,871
Small Transformer-Finetuned,0,2482,2383
Small Transformer-Finetuned,0,2483,2046
Small Transformer-Finetuned,0,2484,1345
Small Transformer-Finetuned,0,2485,923
Small Transformer-Finetuned,0,2486,1381
Small Transformer-Finetuned,0,2487,2905
Small Transformer-Finetuned,0,2488,35
Small Transformer-Finetuned,0,2489,3155
Small Transformer-Finetuned,0,2491,"2732,2733"
Small Transformer-Finetuned,0,2492,2313
Small Transformer-Finetuned,0,2493,614
Small Transformer-Finetuned,0,2494,2102
Small Transformer-Finetuned,0,2495,1366
Small Transformer-Finetuned,0,2496,2628
Small Transformer-Finetuned,0,2497,3961
Small Transformer-Finetuned,0,2498,3921
Small Transformer-Finetuned,0,2499,501
Small Transformer-Finetuned,0,2500,612
Small Transformer-Finetuned,0,2501,1061
Small Transformer-Finetuned,0,2502,1418
Small Transformer-Finetuned,0,2503,1287
Small Transformer-Finetuned,0,2504,3578
Small Transformer-Finetuned,0,2505,451
Small Transformer-Finetuned,0,2506,2268
Small Transformer-Finetuned,0,2507,2741
Small Transformer-Finetuned,0,2508,2740
Small Transformer-Finetuned,0,2509,3499
Small Transformer-Finetuned,0,2510,957
Small Transformer-Finetuned,0,2511,"2275,2276,2279,2283,2284,2285,2286,2287,2288,2290,2292,2293"
Small Transformer-Finetuned,0,2512,"71,76,80,82"
Small Transformer-Finetuned,0,2513,73
Small Transformer-Finetuned,0,2514,77
Small Transformer-Finetuned,0,2515,1020
Small Transformer-Finetuned,0,2516,1019
Small Transformer-Finetuned,0,2517,31
Small Transformer-Finetuned,0,2518,72
Small Transformer-Finetuned,0,2519,2853
Small Transformer-Finetuned,0,2520,689
Small Transformer-Finetuned,0,2521,2913
Small Transformer-Finetuned,0,2522,1556
Small Transformer-Finetuned,0,2523,3585
Small Transformer-Finetuned,0,2524,2553
Small Transformer-Finetuned,0,2525,1050
Small Transformer-Finetuned,0,2526,2678
Small Transformer-Finetuned,0,2527,3010
Small Transformer-Finetuned,0,2528,49
Small Transformer-Finetuned,0,2529,3456
Small Transformer-Finetuned,0,2530,1027
Small Transformer-Finetuned,0,2531,2404
Small Transformer-Finetuned,0,2532,1051
Small Transformer-Finetuned,0,2533,2892
Small Transformer-Finetuned,0,2534,925
Small Transformer-Finetuned,0,2535,2172
Small Transformer-Finetuned,0,2536,"3173,3180,3195"
Small Transformer-Finetuned,0,2537,2679
Small Transformer-Finetuned,0,2538,3007
Small Transformer-Finetuned,0,2539,42
Small Transformer-Finetuned,0,2540,39
Small Transformer-Finetuned,0,2541,463
Small Transformer-Finetuned,0,2542,470
Small Transformer-Finetuned,0,2543,473
Small Transformer-Finetuned,0,2544,462
Small Transformer-Finetuned,0,2545,474
Small Transformer-Finetuned,0,2546,2270
Small Transformer-Finetuned,0,2547,2885
Small Transformer-Finetuned,0,2548,"2881,2887,2896"
Small Transformer-Finetuned,0,2549,2484
Small Transformer-Finetuned,0,2550,2889
Small Transformer-Finetuned,0,2551,3571
Small Transformer-Finetuned,0,2552,"2278,2281,2282,2289"
Small Transformer-Finetuned,0,2553,3035
Small Transformer-Finetuned,0,2554,"75,83,84"
Small Transformer-Finetuned,0,2555,78
Small Transformer-Finetuned,0,2556,"74,79"
Small Transformer-Finetuned,0,2557,3165
Small Transformer-Finetuned,0,2558,3168
Small Transformer-Finetuned,0,2559,839
Small Transformer-Finetuned,0,2561,838
Small Transformer-Finetuned,0,2564,34
Small Transformer-Finetuned,0,2565,1207
Small Transformer-Finetuned,0,2566,3447
Small Transformer-Finetuned,0,2567,2415
Small Transformer-Finetuned,0,2568,2557
Small Transformer-Finetuned,0,2569,3002
Small Transformer-Finetuned,0,2570,2637
Small Transformer-Finetuned,0,2571,2120
Small Transformer-Finetuned,0,2572,842
Small Transformer-Finetuned,0,2573,2538
Small Transformer-Finetuned,0,2574,3433
Small Transformer-Finetuned,0,2575,229
Small Transformer-Finetuned,0,2576,3751
Small Transformer-Finetuned,0,2577,"1358,1372"
Small Transformer-Finetuned,0,2578,1367
Small Transformer-Finetuned,0,2579,3423
Small Transformer-Finetuned,0,2580,3034
Small Transformer-Finetuned,0,2581,8
Small Transformer-Finetuned,0,2582,3430
Small Transformer-Finetuned,0,2583,2911
Small Transformer-Finetuned,0,2584,"3583,3586"
Small Transformer-Finetuned,0,2585,3582
Small Transformer-Finetuned,0,2586,3932
Small Transformer-Finetuned,0,2587,"1370,1371"
Small Transformer-Finetuned,0,2588,844
Small Transformer-Finetuned,0,2589,"1362,1364"
Small Transformer-Finetuned,0,2590,3933
Small Transformer-Finetuned,0,2591,2537
Small Transformer-Finetuned,0,2592,1368
Small Transformer-Finetuned,0,2593,3529
Small Transformer-Finetuned,0,2594,"3949,3950,3951,3952"
Small Transformer-Finetuned,0,2596,2045
Small Transformer-Finetuned,0,2597,480
Small Transformer-Finetuned,0,2598,3953
Small Transformer-Finetuned,0,2599,2585
Small Transformer-Finetuned,0,2600,3
Small Transformer-Finetuned,0,2601,"5,28"
Small Transformer-Finetuned,0,2602,"2586,2587"
Small Transformer-Finetuned,0,2603,"4,6,9,12"
Small Transformer-Finetuned,0,2604,0
Small Transformer-Finetuned,0,2605,3128
Small Transformer-Finetuned,0,2606,866
Small Transformer-Finetuned,0,2607,3385
Small Transformer-Finetuned,0,2608,3055
Small Transformer-Finetuned,0,2609,81
Small Transformer-Finetuned,0,2610,"3584,3587"
Small Transformer-Finetuned,0,2611,3009
Small Transformer-Finetuned,0,2612,3581
Small Transformer-Finetuned,0,2613,3154
Small Transformer-Finetuned,0,2614,660
Small Transformer-Finetuned,0,2615,2555
Small Transformer-Finetuned,0,2616,2552
Small Transformer-Finetuned,0,2618,3647
Small Transformer-Finetuned,0,2620,672
Small Transformer-Finetuned,0,2621,1166
Small Transformer-Finetuned,0,2622,421
Small Transformer-Finetuned,0,2625,2280
Small Transformer-Finetuned,0,2626,423
Small Transformer-Finetuned,0,2627,2
Small Transformer-Finetuned,0,2630,2737
Small Transformer-Finetuned,0,2631,47
Small Transformer-Finetuned,0,2632,452
Small Transformer-Finetuned,0,2633,1273
Small Transformer-Finetuned,0,2634,2040
Small Transformer-Finetuned,0,2635,1862
Small Transformer-Finetuned,0,2636,1382
Small Transformer-Finetuned,0,2637,1902
Small Transformer-Finetuned,0,2639,3869
Small Transformer-Finetuned,0,2640,688
Small Transformer-Finetuned,0,2641,2187
Small Transformer-Finetuned,0,2642,3962
Small Transformer-Finetuned,0,2643,1421
Small Transformer-Finetuned,0,2644,2277
Small Transformer-Finetuned,0,2645,687
Small Transformer-Finetuned,0,2646,1604
Small Transformer-Finetuned,0,2647,3520
Small Transformer-Finetuned,0,2648,10
Small Transformer-Finetuned,0,2649,3604
Small Transformer-Finetuned,0,2650,"849,850"
Small Transformer-Finetuned,0,2651,1690
Small Transformer-Finetuned,0,2652,3563
Small Transformer-Finetuned,0,2653,610
Small Transformer-Finetuned,0,2654,597
Small Transformer-Finetuned,0,2655,55
Small Transformer-Finetuned,0,2656,1588
Small Transformer-Finetuned,0,2658,1024
Small Transformer-Finetuned,0,2659,1491
Small Transformer-Finetuned,0,2660,2401
Small Transformer-Finetuned,0,2661,"1396,1407"
Small Transformer-Finetuned,0,2662,3891
Small Transformer-Finetuned,0,2663,2893
Small Transformer-Finetuned,0,2664,2895
Small Transformer-Finetuned,0,2665,1691
Small Transformer-Finetuned,0,2666,3576
Small Transformer-Finetuned,0,2667,1581
Small Transformer-Finetuned,0,2668,994
Small Transformer-Finetuned,0,2670,3039
Small Transformer-Finetuned,0,2671,3820
Small Transformer-Finetuned,0,2672,3821
Small Transformer-Finetuned,0,2673,3490
Small Transformer-Finetuned,0,2674,3619
Small Transformer-Finetuned,0,2675,3061
Small Transformer-Finetuned,0,2676,1147
Small Transformer-Finetuned,0,2677,1149
Small Transformer-Finetuned,0,2678,3625
Small Transformer-Finetuned,0,2679,1377
Small Transformer-Finetuned,0,2680,949
Small Transformer-Finetuned,0,2681,1468
Small Transformer-Finetuned,0,2682,2884
Small Transformer-Finetuned,0,2683,2897
Small Transformer-Finetuned,0,2684,1511
Small Transformer-Finetuned,0,2685,1365
Small Transformer-Finetuned,0,2686,1376
Small Transformer-Finetuned,0,2687,1467
Small Transformer-Finetuned,0,2688,2234
Small Transformer-Finetuned,0,2689,1
Small Transformer-Finetuned,0,2690,2666
Small Transformer-Finetuned,0,2691,1463
Small Transformer-Finetuned,0,2692,427
Small Transformer-Finetuned,0,2693,3960
Small Transformer-Finetuned,0,2694,691
Small Transformer-Finetuned,0,2695,3140
Small Transformer-Finetuned,0,2696,759
Small Transformer-Finetuned,0,2697,3064
Small Transformer-Finetuned,0,2698,981
Small Transformer-Finetuned,0,2699,2041
Small Transformer-Finetuned,0,2700,3881
Small Transformer-Finetuned,0,2701,1267
Small Transformer-Finetuned,0,2702,"1079,1091,1094,1096"
Small Transformer-Finetuned,0,2703,1089
Small Transformer-Finetuned,0,2704,3915
Small Transformer-Finetuned,0,2705,3912
Small Transformer-Finetuned,0,2706,3892
Small Transformer-Finetuned,0,2707,1081
Small Transformer-Finetuned,0,2708,1086
Small Transformer-Finetuned,0,2709,"1082,1092,1093"
Small Transformer-Finetuned,0,2710,3894
Small Transformer-Finetuned,0,2711,3906
Small Transformer-Finetuned,0,2712,1706
Small Transformer-Finetuned,0,2713,518
Small Transformer-Finetuned,0,2714,"516,517,520,521,522,523"
Small Transformer-Finetuned,0,2715,519
Small Transformer-Finetuned,0,2716,3898
Small Transformer-Finetuned,0,2718,3903
Small Transformer-Finetuned,0,2719,3893
Small Transformer-Finetuned,0,2720,3902
Small Transformer-Finetuned,0,2721,3899
Small Transformer-Finetuned,0,2722,3913
Small Transformer-Finetuned,0,2723,2722
Small Transformer-Finetuned,0,2725,2639
Small Transformer-Finetuned,0,2726,2575
Small Transformer-Finetuned,0,2727,2310
Small Transformer-Finetuned,0,2728,3738
Small Transformer-Finetuned,0,2729,1259
Small Transformer-Finetuned,0,2730,898
Small Transformer-Finetuned,0,2731,"2291,2294"
Small Transformer-Finetuned,0,2732,115
Small Transformer-Finetuned,0,2733,675
Small Transformer-Finetuned,0,2734,"680,681"
Small Transformer-Finetuned,0,2735,2232
Small Transformer-Finetuned,0,2736,693
Small Transformer-Finetuned,0,2737,1628
Small Transformer-Finetuned,0,2738,112
Small Transformer-Finetuned,0,2739,3429
Small Transformer-Finetuned,0,2740,114
Small Transformer-Finetuned,0,2741,7
Small Transformer-Finetuned,0,2742,110
Small Transformer-Finetuned,0,2743,"3605,3609"
Small Transformer-Finetuned,0,2744,3049
Small Transformer-Finetuned,0,2745,3991
Small Transformer-Finetuned,0,2746,2233
Small Transformer-Finetuned,0,2748,525
Small Transformer-Finetuned,0,2750,720
Small Transformer-Finetuned,0,2751,1666
Small Transformer-Finetuned,0,2752,3056
Small Transformer-Finetuned,0,2753,3057
Small Transformer-Finetuned,0,2754,1153
Small Transformer-Finetuned,0,2755,54
Small Transformer-Finetuned,0,2756,2644
Small Transformer-Finetuned,0,2757,2623
Small Transformer-Finetuned,0,2758,3498
Small Transformer-Finetuned,0,2759,"1678,1681"
Small Transformer-Finetuned,0,2760,2607
Small Transformer-Finetuned,0,2761,2583
Small Transformer-Finetuned,0,2762,1049
Small Transformer-Finetuned,0,2763,3588
Small Transformer-Finetuned,0,2764,1111
Small Transformer-Finetuned,0,2765,1109
Small Transformer-Finetuned,0,2766,1103
Small Transformer-Finetuned,0,2767,3992
Small Transformer-Finetuned,0,2768,"3012,3017,3019"
Small Transformer-Finetuned,0,2769,2440
Small Transformer-Finetuned,0,2770,2452
Small Transformer-Finetuned,0,2771,"972,976,980"
Small Transformer-Finetuned,0,2772,974
Small Transformer-Finetuned,0,2774,3987
Small Transformer-Finetuned,0,2775,2420
Small Transformer-Finetuned,0,2776,"2450,2475,2509,2519,2528"
Small Transformer-Finetuned,0,2777,"3011,3013,3016"
Small Transformer-Finetuned,0,2778,2419
Small Transformer-Finetuned,0,2779,1912
Small Transformer-Finetuned,0,2780,3146
Small Transformer-Finetuned,0,2781,"3160,3177,3182,3194,3202"
Small Transformer-Finetuned,0,2782,496
Small Transformer-Finetuned,0,2783,"2422,2513,2517"
Small Transformer-Finetuned,0,2784,3207
Small Transformer-Finetuned,0,2785,"3148,3161,3171,3175,3209"
Small Transformer-Finetuned,0,2786,3189
Small Transformer-Finetuned,0,2787,3151
Small Transformer-Finetuned,0,2788,3145
Small Transformer-Finetuned,0,2789,3196
Small Transformer-Finetuned,0,2790,3186
Small Transformer-Finetuned,0,2791,3083
Small Transformer-Finetuned,0,2792,"3014,3018"
Small Transformer-Finetuned,0,2793,1598
Small Transformer-Finetuned,0,2794,2182
Small Transformer-Finetuned,0,2795,2141
Small Transformer-Finetuned,0,2796,2145
Small Transformer-Finetuned,0,2797,2153
Small Transformer-Finetuned,0,2798,2143
Small Transformer-Finetuned,0,2799,2178
Small Transformer-Finetuned,0,2800,524
Large Transformer-Statistical,1,1,2248
Large Transformer-Statistical,1,2,3131
Large Transformer-Statistical,1,3,1294
Large Transformer-Statistical,1,4,"650,2382"
Large Transformer-Statistical,1,5,2273
Large Transformer-Statistical,1,6,3547
Large Transformer-Statistical,1,7,719
Large Transformer-Statistical,1,8,2848
Large Transformer-Statistical,1,9,3234
Large Transformer-Statistical,1,10,1591
Large Transformer-Statistical,1,11,3229
Large Transformer-Statistical,1,12,2044
Large Transformer-Statistical,1,13,3691
Large Transformer-Statistical,1,14,3693
Large Transformer-Statistical,1,15,"104,429,959,2239,2386,3461,3548"
Large Transformer-Statistical,1,16,663
Large Transformer-Statistical,1,17,3733
Large Transformer-Statistical,1,18,3745
Large Transformer-Statistical,1,19,944
Large Transformer-Statistical,1,20,3643
Large Transformer-Statistical,1,21,2695
Large Transformer-Statistical,1,22,"955,962,965,967,999"
Large Transformer-Statistical,1,23,"989,1002,3496"
Large Transformer-Statistical,1,25,1048
Large Transformer-Statistical,1,26,2306
Large Transformer-Statistical,1,29,2403
Large Transformer-Statistical,1,35,2718
Large Transformer-Statistical,1,53,2351
Large Transformer-Statistical,1,60,1072
Large Transformer-Statistical,1,61,1269
Large Transformer-Statistical,1,65,948
Large Transformer-Statistical,1,66,3648
Large Transformer-Statistical,1,67,3644
Large Transformer-Statistical,1,68,"821,3215"
Large Transformer-Statistical,1,69,"969,992,997,1000,1001"
Large Transformer-Statistical,1,74,3530
Large Transformer-Statistical,1,75,3124
Large Transformer-Statistical,1,78,2299
Large Transformer-Statistical,1,80,50
Large Transformer-Statistical,1,81,1208
Large Transformer-Statistical,1,82,3675
Large Transformer-Statistical,1,83,3069
Large Transformer-Statistical,1,84,3387
Large Transformer-Statistical,1,85,1405
Large Transformer-Statistical,1,86,721
Large Transformer-Statistical,1,87,3742
Large Transformer-Statistical,1,88,2728
Large Transformer-Statistical,1,90,1915
Large Transformer-Statistical,1,92,2994
Large Transformer-Statistical,1,96,1116
Large Transformer-Statistical,1,97,497
Large Transformer-Statistical,1,98,"2259,2852"
Large Transformer-Statistical,1,107,1661
Large Transformer-Statistical,1,109,3694
Large Transformer-Statistical,1,110,3633
Large Transformer-Statistical,1,111,3632
Large Transformer-Statistical,1,112,"3478,3964"
Large Transformer-Statistical,1,113,2686
Large Transformer-Statistical,1,126,1592
Large Transformer-Statistical,1,127,"874,875,879,882,884,885"
Large Transformer-Statistical,1,128,"872,909"
Large Transformer-Statistical,1,132,947
Large Transformer-Statistical,1,133,109
Large Transformer-Statistical,1,134,749
Large Transformer-Statistical,1,144,3326
Large Transformer-Statistical,1,149,"3274,3296,3309"
Large Transformer-Statistical,1,151,"3242,3363"
Large Transformer-Statistical,1,152,"3288,3289"
Large Transformer-Statistical,1,160,3287
Large Transformer-Statistical,1,164,3261
Large Transformer-Statistical,1,165,3244
Large Transformer-Statistical,1,166,"3236,3272"
Large Transformer-Statistical,1,173,243
Large Transformer-Statistical,1,175,3088
Large Transformer-Statistical,1,178,2687
Large Transformer-Statistical,1,179,3227
Large Transformer-Statistical,1,181,3129
Large Transformer-Statistical,1,182,"135,140,154,182"
Large Transformer-Statistical,1,183,"196,207"
Large Transformer-Statistical,1,184,204
Large Transformer-Statistical,1,185,3063
Large Transformer-Statistical,1,214,3308
Large Transformer-Statistical,1,234,2106
Large Transformer-Statistical,1,235,3450
Large Transformer-Statistical,1,257,"2987,2988"
Large Transformer-Statistical,1,258,894
Large Transformer-Statistical,1,259,3300
Large Transformer-Statistical,1,280,38
Large Transformer-Statistical,1,292,2835
Large Transformer-Statistical,1,298,3314
Large Transformer-Statistical,1,299,"876,880,899,907,911,914"
Large Transformer-Statistical,1,300,"878,908"
Large Transformer-Statistical,1,310,3265
Large Transformer-Statistical,1,311,1120
Large Transformer-Statistical,1,312,1446
Large Transformer-Statistical,1,334,"119,1097,1104"
Large Transformer-Statistical,1,336,1113
Large Transformer-Statistical,1,339,2870
Large Transformer-Statistical,1,340,"1444,1449,1454"
Large Transformer-Statistical,1,341,"197,201,216,3110,3111,3120"
Large Transformer-Statistical,1,342,"3112,3114,3118,3122"
Large Transformer-Statistical,1,343,2873
Large Transformer-Statistical,1,344,3388
Large Transformer-Statistical,1,345,218
Large Transformer-Statistical,1,346,"127,136,139,142,144,160,161,167,173,175,179,183"
Large Transformer-Statistical,1,347,200
Large Transformer-Statistical,1,353,1333
Large Transformer-Statistical,1,355,588
Large Transformer-Statistical,1,356,"807,3127"
Large Transformer-Statistical,1,357,2246
Large Transformer-Statistical,1,359,188
Large Transformer-Statistical,1,360,"193,3437"
Large Transformer-Statistical,1,361,1919
Large Transformer-Statistical,1,362,192
Large Transformer-Statistical,1,364,1886
Large Transformer-Statistical,1,367,1217
Large Transformer-Statistical,1,368,1270
Large Transformer-Statistical,1,369,2979
Large Transformer-Statistical,1,370,3025
Large Transformer-Statistical,1,372,85
Large Transformer-Statistical,1,374,2274
Large Transformer-Statistical,1,375,428
Large Transformer-Statistical,1,376,3990
Large Transformer-Statistical,1,377,1062
Large Transformer-Statistical,1,378,"734,755,770"
Large Transformer-Statistical,1,380,3090
Large Transformer-Statistical,1,382,1893
Large Transformer-Statistical,1,383,1606
Large Transformer-Statistical,1,384,"2876,2878"
Large Transformer-Statistical,1,388,2674
Large Transformer-Statistical,1,389,"3980,3994,3995"
Large Transformer-Statistical,1,392,"2619,2629"
Large Transformer-Statistical,1,393,1122
Large Transformer-Statistical,1,394,2610
Large Transformer-Statistical,1,395,"877,883,888,919"
Large Transformer-Statistical,1,396,122
Large Transformer-Statistical,1,397,126
Large Transformer-Statistical,1,398,"117,118,120,121"
Large Transformer-Statistical,1,399,722
Large Transformer-Statistical,1,400,2688
Large Transformer-Statistical,1,401,3993
Large Transformer-Statistical,1,402,3074
Large Transformer-Statistical,1,403,194
Large Transformer-Statistical,1,404,"128,131,153,176"
Large Transformer-Statistical,1,406,3829
Large Transformer-Statistical,1,410,3534
Large Transformer-Statistical,1,411,3092
Large Transformer-Statistical,1,412,1039
Large Transformer-Statistical,1,413,716
Large Transformer-Statistical,1,414,2271
Large Transformer-Statistical,1,415,2051
Large Transformer-Statistical,1,416,718
Large Transformer-Statistical,1,417,591
Large Transformer-Statistical,1,420,3213
Large Transformer-Statistical,1,421,507
Large Transformer-Statistical,1,426,1118
Large Transformer-Statistical,1,428,953
Large Transformer-Statistical,1,429,1451
Large Transformer-Statistical,1,430,3376
Large Transformer-Statistical,1,431,"500,873,887,2396,2653,2660"
Large Transformer-Statistical,1,434,1924
Large Transformer-Statistical,1,435,"696,3941,3944"
Large Transformer-Statistical,1,436,"437,715,2349,3862"
Large Transformer-Statistical,1,438,"532,534,536,541,542,1119,3101,3123"
Large Transformer-Statistical,1,439,3384
Large Transformer-Statistical,1,440,2858
Large Transformer-Statistical,1,441,1067
Large Transformer-Statistical,1,442,3943
Large Transformer-Statistical,1,443,1115
Large Transformer-Statistical,1,444,699
Large Transformer-Statistical,1,445,"529,3930"
Large Transformer-Statistical,1,446,789
Large Transformer-Statistical,1,447,2868
Large Transformer-Statistical,1,448,438
Large Transformer-Statistical,1,449,"3108,3116"
Large Transformer-Statistical,1,450,"2860,3367"
Large Transformer-Statistical,1,451,2859
Large Transformer-Statistical,1,452,1286
Large Transformer-Statistical,1,453,"3361,3375,3380"
Large Transformer-Statistical,1,454,3208
Large Transformer-Statistical,1,455,"199,202,205,208,209,210,211,212,213,214,215"
Large Transformer-Statistical,1,456,"1124,1126"
Large Transformer-Statistical,1,457,"1289,3814,3940"
Large Transformer-Statistical,1,458,"1248,1249,1250,1252,1255,1256"
Large Transformer-Statistical,1,459,"217,1121"
Large Transformer-Statistical,1,460,1253
Large Transformer-Statistical,1,461,"1283,1290"
Large Transformer-Statistical,1,462,"1209,1254"
Large Transformer-Statistical,1,463,"3113,3121"
Large Transformer-Statistical,1,464,203
Large Transformer-Statistical,1,465,"3834,3856"
Large Transformer-Statistical,1,466,618
Large Transformer-Statistical,1,467,3931
Large Transformer-Statistical,1,468,639
Large Transformer-Statistical,1,469,630
Large Transformer-Statistical,1,470,1160
Large Transformer-Statistical,1,471,"528,537,539,543"
Large Transformer-Statistical,1,472,651
Large Transformer-Statistical,1,473,633
Large Transformer-Statistical,1,474,856
Large Transformer-Statistical,1,475,636
Large Transformer-Statistical,1,476,"146,3107"
Large Transformer-Statistical,1,477,177
Large Transformer-Statistical,1,478,"852,855,858,859,2028"
Large Transformer-Statistical,1,479,3843
Large Transformer-Statistical,1,480,2026
Large Transformer-Statistical,1,481,3823
Large Transformer-Statistical,1,482,"130,137,148,149,155,157,172,178,180,186,187,189"
Large Transformer-Statistical,1,483,1288
Large Transformer-Statistical,1,484,506
Large Transformer-Statistical,1,485,1251
Large Transformer-Statistical,1,486,"695,697"
Large Transformer-Statistical,1,487,590
Large Transformer-Statistical,1,488,1993
Large Transformer-Statistical,1,489,"1112,1117,1123"
Large Transformer-Statistical,1,490,615
Large Transformer-Statistical,1,491,1458
Large Transformer-Statistical,1,492,741
Large Transformer-Statistical,1,494,"245,259,294,299,310,320,336,372,375,408"
Large Transformer-Statistical,1,497,728
Large Transformer-Statistical,1,498,2309
Large Transformer-Statistical,1,500,3519
Large Transformer-Statistical,1,501,"246,247,248,249,250,251,252,253,254,255,256,257,258,260,261,262,263,264,265,266,268,269,270,272,273,274,275,276,277,278,279,280,281,282,283,284,285,286,287,288,289,290,291,292,293,295,296,297,298,300,301,303,304,305,306,307,308,309,311,312,313,314,315,316,317,318,319,321,322,323,324,325,326,327,328,329,330,331,332,333,334,335,337,338,339,340,341,342,343,345,346,347,348,349,350,351,352,353,354,356,357,358,359,360,361,362,363,364,365,366,367,368,369,370,371,373,374,376,377,378,379,380,381,382,383,384,385,386,387,388,389,390,391,392,393,394,396,397,398,399,400,401,402,403,404,405,406,407,409,410,411,412,413,414,415,416,417,418,419,420,422,2613,3868"
Large Transformer-Statistical,1,502,593
Large Transformer-Statistical,1,504,2675
Large Transformer-Statistical,1,505,"271,302,344,395"
Large Transformer-Statistical,1,507,1917
Large Transformer-Statistical,1,509,3098
Large Transformer-Statistical,1,510,1683
Large Transformer-Statistical,1,512,"143,145"
Large Transformer-Statistical,1,513,"151,170"
Large Transformer-Statistical,1,516,3203
Large Transformer-Statistical,1,517,"2664,2673,2691"
Large Transformer-Statistical,1,522,"1901,1905"
Large Transformer-Statistical,1,524,545
Large Transformer-Statistical,1,525,3844
Large Transformer-Statistical,1,526,"546,547"
Large Transformer-Statistical,1,527,3863
Large Transformer-Statistical,1,528,535
Large Transformer-Statistical,1,529,613
Large Transformer-Statistical,1,530,"1125,1671,1672"
Large Transformer-Statistical,1,531,"530,531,533,540,544"
Large Transformer-Statistical,1,532,538
Large Transformer-Statistical,1,533,3929
Large Transformer-Statistical,1,534,3864
Large Transformer-Statistical,1,535,2857
Large Transformer-Statistical,1,536,3191
Large Transformer-Statistical,1,537,"1589,1593,1600"
Large Transformer-Statistical,1,538,1596
Large Transformer-Statistical,1,539,1988
Large Transformer-Statistical,1,540,"1210,3842"
Large Transformer-Statistical,1,541,3825
Large Transformer-Statistical,1,542,3841
Large Transformer-Statistical,1,543,1599
Large Transformer-Statistical,1,544,"1932,1944,1946,1957,1958,1968,1982,1997,2020,2024"
Large Transformer-Statistical,1,545,2012
Large Transformer-Statistical,1,546,3827
Large Transformer-Statistical,1,547,30
Large Transformer-Statistical,1,548,"1927,1928,1933,1934,1935,1937,1939,1940,1943,1945,1949,1951,1952,1956,1960,1962,1963,1964,1965,1967,1970,1971,1972,1973,1975,1977,1978,1979,1981,1986,1989,1990,1991,1994,1996,1999,2000,2002,2004,2006,2011,2013,2014,2015,2016,2018,2019,2021,2025"
Large Transformer-Statistical,1,549,"1969,2005"
Large Transformer-Statistical,1,550,"1931,1941,1948,1983,2003"
Large Transformer-Statistical,1,551,"132,134,158,171,181,184"
Large Transformer-Statistical,1,552,"138,156,169,174"
Large Transformer-Statistical,1,553,1992
Large Transformer-Statistical,1,554,"1926,1930,1950,1959"
Large Transformer-Statistical,1,555,"1942,1966"
Large Transformer-Statistical,1,557,3097
Large Transformer-Statistical,1,558,1925
Large Transformer-Statistical,1,559,"3228,3230"
Large Transformer-Statistical,1,562,3642
Large Transformer-Statistical,1,564,"2357,2359,2363,2364,2365,2367"
Large Transformer-Statistical,1,565,645
Large Transformer-Statistical,1,566,"641,646"
Large Transformer-Statistical,1,567,"637,640,643"
Large Transformer-Statistical,1,568,"150,159"
Large Transformer-Statistical,1,569,"141,185"
Large Transformer-Statistical,1,571,2361
Large Transformer-Statistical,1,574,70
Large Transformer-Statistical,1,576,1293
Large Transformer-Statistical,1,577,"2352,2353,2354,2355,2360,2366"
Large Transformer-Statistical,1,578,"2856,3939,3942,3946"
Large Transformer-Statistical,1,579,487
Large Transformer-Statistical,1,580,3828
Large Transformer-Statistical,1,581,1291
Large Transformer-Statistical,1,582,2340
Large Transformer-Statistical,1,583,648
Large Transformer-Statistical,1,584,"3945,3947"
Large Transformer-Statistical,1,585,2350
Large Transformer-Statistical,1,586,1658
Large Transformer-Statistical,1,587,3811
Large Transformer-Statistical,1,588,29
Large Transformer-Statistical,1,589,702
Large Transformer-Statistical,1,590,"625,632"
Large Transformer-Statistical,1,591,"617,619,620,621,622,627,631,638"
Large Transformer-Statistical,1,592,"616,623"
Large Transformer-Statistical,1,593,2556
Large Transformer-Statistical,1,594,642
Large Transformer-Statistical,1,595,"857,860"
Large Transformer-Statistical,1,596,"854,864"
Large Transformer-Statistical,1,597,861
Large Transformer-Statistical,1,598,"628,634,649"
Large Transformer-Statistical,1,599,"629,635,644,647"
Large Transformer-Statistical,1,600,3851
Large Transformer-Statistical,1,601,3848
Large Transformer-Statistical,1,602,3830
Large Transformer-Statistical,1,603,"133,147,152,163,164,166"
Large Transformer-Statistical,1,604,"129,162,165,168,190,191"
Large Transformer-Statistical,1,605,2358
Large Transformer-Statistical,1,606,"3826,3832,3852"
Large Transformer-Statistical,1,607,1660
Large Transformer-Statistical,1,608,3022
Large Transformer-Statistical,1,609,"698,701"
Large Transformer-Statistical,1,610,3847
Large Transformer-Statistical,1,611,841
Large Transformer-Statistical,1,612,"267,355"
Large Transformer-Statistical,1,614,592
Large Transformer-Statistical,1,615,2416
Large Transformer-Statistical,1,616,817
Large Transformer-Statistical,1,618,2356
Large Transformer-Statistical,1,619,954
Large Transformer-Statistical,1,620,2609
Large Transformer-Statistical,1,621,3956
Large Transformer-Statistical,1,622,2348
Large Transformer-Statistical,1,623,2362
Large Transformer-Statistical,1,624,"505,1159"
Large Transformer-Statistical,1,625,3824
Large Transformer-Statistical,1,626,3104
Large Transformer-Statistical,1,627,"20,3837"
Large Transformer-Statistical,1,628,3850
Large Transformer-Statistical,1,629,2615
Large Transformer-Statistical,1,630,1662
Large Transformer-Statistical,1,631,"3857,3859"
Large Transformer-Statistical,1,632,"17,26"
Large Transformer-Statistical,1,633,"3831,3849"
Large Transformer-Statistical,1,634,"22,3839,3845"
Large Transformer-Statistical,1,635,"15,16,19,21,23,24,25,27"
Large Transformer-Statistical,1,636,714
Large Transformer-Statistical,1,637,3855
Large Transformer-Statistical,1,638,1659
Large Transformer-Statistical,1,639,626
Large Transformer-Statistical,1,640,624
Large Transformer-Statistical,1,641,3833
Large Transformer-Statistical,1,642,862
Large Transformer-Statistical,1,643,"853,863,3102,3103,3105,3109,3860"
Large Transformer-Statistical,1,644,"3115,3119"
Large Transformer-Statistical,1,645,"3846,3853"
Large Transformer-Statistical,1,646,"1947,1961,1974,2010"
Large Transformer-Statistical,1,647,"3835,3854"
Large Transformer-Statistical,1,648,"14,3117"
Large Transformer-Statistical,1,649,"3836,3996,3997"
Large Transformer-Statistical,1,650,"1929,1938,1953,1954,1955,1980,1984,1985,1987,1995,1998,2007,2008,2009,2017,2022"
Large Transformer-Statistical,1,651,1936
Large Transformer-Statistical,1,652,"3840,3861"
Large Transformer-Statistical,1,653,3858
Large Transformer-Statistical,1,654,"13,18,3822"
Large Transformer-Statistical,1,655,3838
Large Transformer-Statistical,1,656,2730
Large Transformer-Statistical,1,657,424
Large Transformer-Statistical,1,659,227
Large Transformer-Statistical,1,666,2990
Large Transformer-Statistical,1,669,33
Large Transformer-Statistical,1,680,"1167,1169"
Large Transformer-Statistical,1,681,"1170,1173"
Large Transformer-Statistical,1,682,"1171,1174"
Large Transformer-Statistical,1,726,3062
Large Transformer-Statistical,1,803,1301
Large Transformer-Statistical,1,841,3515
Large Transformer-Statistical,1,995,2855
Large Transformer-Statistical,1,996,3696
Large Transformer-Statistical,1,997,1023
Large Transformer-Statistical,1,998,1603
Large Transformer-Statistical,1,1000,3700
Large Transformer-Statistical,1,1001,2339
Large Transformer-Statistical,1,1002,"2655,2662"
Large Transformer-Statistical,1,1005,1682
Large Transformer-Statistical,1,1006,86
Large Transformer-Statistical,1,1008,1455
Large Transformer-Statistical,1,1024,3223
Large Transformer-Statistical,1,1041,3091
Large Transformer-Statistical,1,1053,1900
Large Transformer-Statistical,1,1064,"3043,3046"
Large Transformer-Statistical,1,1075,1814
Large Transformer-Statistical,1,1163,3695
Large Transformer-Statistical,1,1165,3415
Large Transformer-Statistical,1,1170,2543
Large Transformer-Statistical,1,1185,3045
Large Transformer-Statistical,1,1212,3005
Large Transformer-Statistical,1,1243,3495
Large Transformer-Statistical,1,1249,3471
Large Transformer-Statistical,1,1262,2265
Large Transformer-Statistical,1,1264,"2189,2194"
Large Transformer-Statistical,1,1270,"2216,2229"
Large Transformer-Statistical,1,1273,"2190,2204"
Large Transformer-Statistical,1,1337,"3607,3612,3617,3618"
Large Transformer-Statistical,1,1355,2113
Large Transformer-Statistical,1,1356,2539
Large Transformer-Statistical,1,1367,3216
Large Transformer-Statistical,1,1374,206
Large Transformer-Statistical,1,1415,"513,514"
Large Transformer-Statistical,1,1418,2296
Large Transformer-Statistical,1,1420,3736
Large Transformer-Statistical,1,1421,1693
Large Transformer-Statistical,1,1422,491
Large Transformer-Statistical,1,1436,3462
Large Transformer-Statistical,1,1488,3424
Large Transformer-Statistical,1,1490,1627
Large Transformer-Statistical,1,1635,478
Large Transformer-Statistical,1,1909,3988
Large Transformer-Statistical,1,1910,3702
Large Transformer-Statistical,1,1911,2540
Large Transformer-Statistical,1,1924,580
Large Transformer-Statistical,1,1932,3432
Large Transformer-Statistical,1,1933,"2874,2875"
Large Transformer-Statistical,1,1958,2414
Large Transformer-Statistical,1,1964,2738
Large Transformer-Statistical,1,1968,494
Large Transformer-Statistical,1,1970,2871
Large Transformer-Statistical,1,1977,"2652,2659,2677"
Large Transformer-Statistical,1,1979,2869
Large Transformer-Statistical,1,1980,"1668,1670"
Large Transformer-Statistical,1,1981,1669
Large Transformer-Statistical,1,2058,655
Large Transformer-Statistical,1,2064,481
Large Transformer-Statistical,1,2141,985
Large Transformer-Statistical,1,2253,2388
Large Transformer-Statistical,1,2255,804
Large Transformer-Statistical,1,2256,2027
Large Transformer-Statistical,1,2257,2001
Large Transformer-Statistical,1,2342,2844
Large Transformer-Statistical,1,2343,3006
Large Transformer-Statistical,1,2344,2694
Large Transformer-Statistical,1,2345,"982,983"
Large Transformer-Statistical,1,2346,2532
Large Transformer-Statistical,1,2347,1295
Large Transformer-Statistical,1,2348,830
Large Transformer-Statistical,1,2350,3106
Large Transformer-Statistical,1,2351,2391
Large Transformer-Statistical,1,2353,3464
Large Transformer-Statistical,1,2354,3071
Large Transformer-Statistical,1,2355,3451
Large Transformer-Statistical,1,2359,836
Large Transformer-Statistical,1,2360,700
Large Transformer-Statistical,1,2361,1084
Large Transformer-Statistical,1,2362,3381
Large Transformer-Statistical,1,2363,995
Large Transformer-Statistical,1,2365,3705
Large Transformer-Statistical,1,2366,3233
Large Transformer-Statistical,1,2367,3070
Large Transformer-Statistical,1,2369,678
Large Transformer-Statistical,1,2370,3634
Large Transformer-Statistical,1,2371,2409
Large Transformer-Statistical,1,2372,2407
Large Transformer-Statistical,1,2373,"2405,2406"
Large Transformer-Statistical,1,2377,2731
Large Transformer-Statistical,1,2378,1620
Large Transformer-Statistical,1,2379,3635
Large Transformer-Statistical,1,2380,1263
Large Transformer-Statistical,1,2382,"1657,3524"
Large Transformer-Statistical,1,2383,56
Large Transformer-Statistical,1,2384,"2410,2411"
Large Transformer-Statistical,1,2387,"198,219"
Large Transformer-Statistical,1,2390,548
Large Transformer-Statistical,1,2396,3628
Large Transformer-Statistical,1,2398,3538
Large Transformer-Statistical,1,2400,443
Large Transformer-Statistical,1,2406,2399
Large Transformer-Statistical,1,2407,2888
Large Transformer-Statistical,1,2408,2890
Large Transformer-Statistical,1,2409,"2882,2891"
Large Transformer-Statistical,1,2419,1442
Large Transformer-Statistical,1,2420,3041
Large Transformer-Statistical,1,2422,1457
Large Transformer-Statistical,1,2423,2393
Large Transformer-Statistical,1,2424,2345
Large Transformer-Statistical,1,2427,3439
Large Transformer-Statistical,1,2429,"1157,3935"
Large Transformer-Statistical,1,2430,3602
Large Transformer-Statistical,1,2432,583
Large Transformer-Statistical,1,2434,2727
Large Transformer-Statistical,1,2435,825
Large Transformer-Statistical,1,2436,3193
Large Transformer-Statistical,1,2437,1914
Large Transformer-Statistical,1,2438,1216
Large Transformer-Statistical,1,2439,1215
Large Transformer-Statistical,1,2441,3096
Large Transformer-Statistical,1,2442,824
Large Transformer-Statistical,1,2443,"1357,1373"
Large Transformer-Statistical,1,2445,585
Large Transformer-Statistical,1,2446,195
Large Transformer-Statistical,1,2447,1861
Large Transformer-Statistical,1,2450,2052
Large Transformer-Statistical,1,2451,1257
Large Transformer-Statistical,1,2453,3523
Large Transformer-Statistical,1,2456,582
Large Transformer-Statistical,1,2458,"2670,2672"
Large Transformer-Statistical,1,2460,508
Large Transformer-Statistical,1,2461,677
Large Transformer-Statistical,1,2462,676
Large Transformer-Statistical,1,2463,512
Large Transformer-Statistical,1,2464,952
Large Transformer-Statistical,1,2466,3059
Large Transformer-Statistical,1,2467,1582
Large Transformer-Statistical,1,2468,2255
Large Transformer-Statistical,1,2470,3060
Large Transformer-Statistical,1,2490,96
Large Transformer-Statistical,1,2560,3629
Large Transformer-Statistical,1,2562,1976
Large Transformer-Statistical,1,2563,2111
Large Transformer-Statistical,1,2595,483
Large Transformer-Statistical,1,2617,2408
Large Transformer-Statistical,1,2619,1264
Large Transformer-Statistical,1,2623,3537
Large Transformer-Statistical,1,2624,3047
Large Transformer-Statistical,1,2628,3608
Large Transformer-Statistical,1,2629,"3606,3610,3611,3613,3614,3615,3616"
Large Transformer-Statistical,1,2638,2023
Large Transformer-Statistical,1,2657,2596
Large Transformer-Statistical,1,2669,3531
Large Transformer-Statistical,1,2717,2311
Large Transformer-Statistical,1,2724,"2669,2671"
Large Transformer-Statistical,1,2747,3540
Large Transformer-Statistical,1,2749,3536
Large Transformer-Statistical,1,2773,"2423,2424"
Large Statistical,1,1,2248
Large Statistical,1,2,3131
Large Statistical,1,3,1294
Large Statistical,1,4,"650,2382"
Large Statistical,1,5,2273
Large Statistical,1,6,3547
Large Statistical,1,7,719
Large Statistical,1,8,2848
Large Statistical,1,9,3234
Large Statistical,1,10,1591
Large Statistical,1,11,3229
Large Statistical,1,12,2044
Large Statistical,1,13,3691
Large Statistical,1,14,3693
Large Statistical,1,15,"104,429,959,2239,2386,3461,3548"
Large Statistical,1,16,663
Large Statistical,1,17,3733
Large Statistical,1,18,3745
Large Statistical,1,19,944
Large Statistical,1,20,3643
Large Statistical,1,21,2695
Large Statistical,1,22,"955,962,965,967,999"
Large Statistical,1,23,"989,1002,3496"
Large Statistical,1,25,1048
Large Statistical,1,26,2306
Large Statistical,1,29,2403
Large Statistical,1,35,2718
Large Statistical,1,53,2351
Large Statistical,1,60,1072
Large Statistical,1,61,1269
Large Statistical,1,65,948
Large Statistical,1,66,3648
Large Statistical,1,67,3644
Large Statistical,1,68,"821,3215"
Large Statistical,1,69,"969,992,997,1000,1001"
Large Statistical,1,74,3530
Large Statistical,1,75,3124
Large Statistical,1,78,2299
Large Statistical,1,80,50
Large Statistical,1,81,1208
Large Statistical,1,82,3675
Large Statistical,1,83,3069
Large Statistical,1,84,3387
Large Statistical,1,85,1405
Large Statistical,1,86,721
Large Statistical,1,87,3742
Large Statistical,1,88,2728
Large Statistical,1,90,1915
Large Statistical,1,92,2994
Large Statistical,1,96,1116
Large Statistical,1,97,497
Large Statistical,1,98,"2259,2852"
Large Statistical,1,107,1661
Large Statistical,1,109,3694
Large Statistical,1,110,3633
Large Statistical,1,111,3632
Large Statistical,1,112,"3478,3964"
Large Statistical,1,113,2686
Large Statistical,1,126,1592
Large Statistical,1,127,"874,875,879,882,884,885"
Large Statistical,1,128,"872,909"
Large Statistical,1,132,947
Large Statistical,1,133,109
Large Statistical,1,134,749
Large Statistical,1,144,3326
Large Statistical,1,149,"3274,3296,3309"
Large Statistical,1,151,"3242,3363"
Large Statistical,1,152,"3288,3289"
Large Statistical,1,160,3287
Large Statistical,1,164,3261
Large Statistical,1,165,3244
Large Statistical,1,166,"3236,3272"
Large Statistical,1,173,243
Large Statistical,1,175,3088
Large Statistical,1,178,2687
Large Statistical,1,179,3227
Large Statistical,1,181,3129
Large Statistical,1,182,"135,140,154,182"
Large Statistical,1,183,"196,207"
Large Statistical,1,184,204
Large Statistical,1,185,3063
Large Statistical,1,214,3308
Large Statistical,1,234,2106
Large Statistical,1,235,3450
Large Statistical,1,257,"2987,2988"
Large Statistical,1,258,894
Large Statistical,1,259,3300
Large Statistical,1,280,38
Large Statistical,1,292,2835
Large Statistical,1,298,3314
Large Statistical,1,299,"876,880,899,907,911,914"
Large Statistical,1,300,"878,908"
Large Statistical,1,310,3265
Large Statistical,1,311,1120
Large Statistical,1,312,1446
Large Statistical,1,334,"119,1097,1104"
Large Statistical,1,336,1113
Large Statistical,1,339,2870
Large Statistical,1,340,"1444,1449,1454"
Large Statistical,1,341,"197,201,216,3110,3111,3120"
Large Statistical,1,342,"3112,3114,3118,3122"
Large Statistical,1,343,2873
Large Statistical,1,344,3388
Large Statistical,1,345,218
Large Statistical,1,346,"127,136,139,142,144,160,161,167,173,175,179,183"
Large Statistical,1,347,200
Large Statistical,1,353,1333
Large Statistical,1,355,588
Large Statistical,1,356,"807,3127"
Large Statistical,1,357,2246
Large Statistical,1,359,188
Large Statistical,1,360,"193,3437"
Large Statistical,1,361,1919
Large Statistical,1,362,192
Large Statistical,1,364,1886
Large Statistical,1,367,1217
Large Statistical,1,368,1270
Large Statistical,1,369,2979
Large Statistical,1,370,3025
Large Statistical,1,372,85
Large Statistical,1,374,2274
Large Statistical,1,375,428
Large Statistical,1,376,3990
Large Statistical,1,377,1062
Large Statistical,1,378,"734,755,770"
Large Statistical,1,380,3090
Large Statistical,1,382,1893
Large Statistical,1,383,1606
Large Statistical,1,384,"2876,2878"
Large Statistical,1,388,2674
Large Statistical,1,389,"3980,3994,3995"
Large Statistical,1,392,"2619,2629"
Large Statistical,1,393,1122
Large Statistical,1,394,2610
Large Statistical,1,395,"877,883,888,919"
Large Statistical,1,396,122
Large Statistical,1,397,126
Large Statistical,1,398,"117,118,120,121"
Large Statistical,1,399,722
Large Statistical,1,400,2688
Large Statistical,1,401,3993
Large Statistical,1,402,3074
Large Statistical,1,403,194
Large Statistical,1,404,"128,131,153,176"
Large Statistical,1,406,3829
Large Statistical,1,410,3534
Large Statistical,1,411,3092
Large Statistical,1,412,1039
Large Statistical,1,413,716
Large Statistical,1,414,2271
Large Statistical,1,415,2051
Large Statistical,1,416,718
Large Statistical,1,417,591
Large Statistical,1,420,3213
Large Statistical,1,421,507
Large Statistical,1,426,1118
Large Statistical,1,428,953
Large Statistical,1,429,1451
Large Statistical,1,430,3376
Large Statistical,1,431,"500,873,887,2396,2653,2660"
Large Statistical,1,434,1924
Large Statistical,1,435,"696,3941,3944"
Large Statistical,1,436,"437,715,2349,3862"
Large Statistical,1,438,"532,534,536,541,542,1119,3101,3123"
Large Statistical,1,439,3384
Large Statistical,1,440,2858
Large Statistical,1,441,1067
Large Statistical,1,442,3943
Large Statistical,1,443,1115
Large Statistical,1,444,699
Large Statistical,1,445,"529,3930"
Large Statistical,1,446,789
Large Statistical,1,447,2868
Large Statistical,1,448,438
Large Statistical,1,449,"3108,3116"
Large Statistical,1,450,"2860,3367"
Large Statistical,1,451,2859
Large Statistical,1,452,1286
Large Statistical,1,453,"3361,3375,3380"
Large Statistical,1,454,3208
Large Statistical,1,455,"199,202,205,208,209,210,211,212,213,214,215"
Large Statistical,1,456,"1124,1126"
Large Statistical,1,457,"1289,3814,3940"
Large Statistical,1,458,"1248,1249,1250,1252,1255,1256"
Large Statistical,1,459,"217,1121"
Large Statistical,1,460,1253
Large Statistical,1,461,"1283,1290"
Large Statistical,1,462,"1209,1254"
Large Statistical,1,463,"3113,3121"
Large Statistical,1,464,203
Large Statistical,1,465,"3834,3856"
Large Statistical,1,466,618
Large Statistical,1,467,3931
Large Statistical,1,468,639
Large Statistical,1,469,630
Large Statistical,1,470,1160
Large Statistical,1,471,"528,537,539,543"
Large Statistical,1,472,651
Large Statistical,1,473,633
Large Statistical,1,474,856
Large Statistical,1,475,636
Large Statistical,1,476,"146,3107"
Large Statistical,1,477,177
Large Statistical,1,478,"852,855,858,859,2028"
Large Statistical,1,479,3843
Large Statistical,1,480,2026
Large Statistical,1,481,3823
Large Statistical,1,482,"130,137,148,149,155,157,172,178,180,186,187,189"
Large Statistical,1,483,1288
Large Statistical,1,484,506
Large Statistical,1,485,1251
Large Statistical,1,486,"695,697"
Large Statistical,1,487,590
Large Statistical,1,488,1993
Large Statistical,1,489,"1112,1117,1123"
Large Statistical,1,490,615
Large Statistical,1,491,1458
Large Statistical,1,492,741
Large Statistical,1,494,"245,259,294,299,310,320,336,372,375,408"
Large Statistical,1,497,728
Large Statistical,1,498,2309
Large Statistical,1,500,3519
Large Statistical,1,501,"246,247,248,249,250,251,252,253,254,255,256,257,258,260,261,262,263,264,265,266,268,269,270,272,273,274,275,276,277,278,279,280,281,282,283,284,285,286,287,288,289,290,291,292,293,295,296,297,298,300,301,303,304,305,306,307,308,309,311,312,313,314,315,316,317,318,319,321,322,323,324,325,326,327,328,329,330,331,332,333,334,335,337,338,339,340,341,342,343,345,346,347,348,349,350,351,352,353,354,356,357,358,359,360,361,362,363,364,365,366,367,368,369,370,371,373,374,376,377,378,379,380,381,382,383,384,385,386,387,388,389,390,391,392,393,394,396,397,398,399,400,401,402,403,404,405,406,407,409,410,411,412,413,414,415,416,417,418,419,420,422,2613,3868"
Large Statistical,1,502,593
Large Statistical,1,504,2675
Large Statistical,1,505,"271,302,344,395"
Large Statistical,1,507,1917
Large Statistical,1,509,3098
Large Statistical,1,510,1683
Large Statistical,1,512,"143,145"
Large Statistical,1,513,"151,170"
Large Statistical,1,516,3203
Large Statistical,1,517,"2664,2673,2691"
Large Statistical,1,522,"1901,1905"
Large Statistical,1,524,545
Large Statistical,1,525,3844
Large Statistical,1,526,"546,547"
Large Statistical,1,527,3863
Large Statistical,1,528,535
Large Statistical,1,529,613
Large Statistical,1,530,"1125,1671,1672"
Large Statistical,1,531,"530,531,533,540,544"
Large Statistical,1,532,538
Large Statistical,1,533,3929
Large Statistical,1,534,3864
Large Statistical,1,535,2857
Large Statistical,1,536,3191
Large Statistical,1,537,"1589,1593,1600"
Large Statistical,1,538,1596
Large Statistical,1,539,1988
Large Statistical,1,540,"1210,3842"
Large Statistical,1,541,3825
Large Statistical,1,542,3841
Large Statistical,1,543,1599
Large Statistical,1,544,"1932,1944,1946,1957,1958,1968,1982,1997,2020,2024"
Large Statistical,1,545,2012
Large Statistical,1,546,3827
Large Statistical,1,547,30
Large Statistical,1,548,"1927,1928,1933,1934,1935,1937,1939,1940,1943,1945,1949,1951,1952,1956,1960,1962,1963,1964,1965,1967,1970,1971,1972,1973,1975,1977,1978,1979,1981,1986,1989,1990,1991,1994,1996,1999,2000,2002,2004,2006,2011,2013,2014,2015,2016,2018,2019,2021,2025"
Large Statistical,1,549,"1969,2005"
Large Statistical,1,550,"1931,1941,1948,1983,2003"
Large Statistical,1,551,"132,134,158,171,181,184"
Large Statistical,1,552,"138,156,169,174"
Large Statistical,1,553,1992
Large Statistical,1,554,"1926,1930,1950,1959"
Large Statistical,1,555,"1942,1966"
Large Statistical,1,557,3097
Large Statistical,1,558,1925
Large Statistical,1,559,"3228,3230"
Large Statistical,1,562,3642
Large Statistical,1,564,"2357,2359,2363,2364,2365,2367"
Large Statistical,1,565,645
Large Statistical,1,566,"641,646"
Large Statistical,1,567,"637,640,643"
Large Statistical,1,568,"150,159"
Large Statistical,1,569,"141,185"
Large Statistical,1,571,2361
Large Statistical,1,574,70
Large Statistical,1,576,1293
Large Statistical,1,577,"2352,2353,2354,2355,2360,2366"
Large Statistical,1,578,"2856,3939,3942,3946"
Large Statistical,1,579,487
Large Statistical,1,580,3828
Large Statistical,1,581,1291
Large Statistical,1,582,2340
Large Statistical,1,583,648
Large Statistical,1,584,"3945,3947"
Large Statistical,1,585,2350
Large Statistical,1,586,1658
Large Statistical,1,587,3811
Large Statistical,1,588,29
Large Statistical,1,589,702
Large Statistical,1,590,"625,632"
Large Statistical,1,591,"617,619,620,621,622,627,631,638"
Large Statistical,1,592,"616,623"
Large Statistical,1,593,2556
Large Statistical,1,594,642
Large Statistical,1,595,"857,860"
Large Statistical,1,596,"854,864"
Large Statistical,1,597,861
Large Statistical,1,598,"628,634,649"
Large Statistical,1,599,"629,635,644,647"
Large Statistical,1,600,3851
Large Statistical,1,601,3848
Large Statistical,1,602,3830
Large Statistical,1,603,"133,147,152,163,164,166"
Large Statistical,1,604,"129,162,165,168,190,191"
Large Statistical,1,605,2358
Large Statistical,1,606,"3826,3832,3852"
Large Statistical,1,607,1660
Large Statistical,1,608,3022
Large Statistical,1,609,"698,701"
Large Statistical,1,610,3847
Large Statistical,1,611,841
Large Statistical,1,612,"267,355"
Large Statistical,1,614,592
Large Statistical,1,615,2416
Large Statistical,1,616,817
Large Statistical,1,618,2356
Large Statistical,1,619,954
Large Statistical,1,620,2609
Large Statistical,1,621,3956
Large Statistical,1,622,2348
Large Statistical,1,623,2362
Large Statistical,1,624,"505,1159"
Large Statistical,1,625,3824
Large Statistical,1,626,3104
Large Statistical,1,627,"20,3837"
Large Statistical,1,628,3850
Large Statistical,1,629,2615
Large Statistical,1,630,1662
Large Statistical,1,631,"3857,3859"
Large Statistical,1,632,"17,26"
Large Statistical,1,633,"3831,3849"
Large Statistical,1,634,"22,3839,3845"
Large Statistical,1,635,"15,16,19,21,23,24,25,27"
Large Statistical,1,636,714
Large Statistical,1,637,3855
Large Statistical,1,638,1659
Large Statistical,1,639,626
Large Statistical,1,640,624
Large Statistical,1,641,3833
Large Statistical,1,642,862
Large Statistical,1,643,"853,863,3102,3103,3105,3109,3860"
Large Statistical,1,644,"3115,3119"
Large Statistical,1,645,"3846,3853"
Large Statistical,1,646,"1947,1961,1974,2010"
Large Statistical,1,647,"3835,3854"
Large Statistical,1,648,"14,3117"
Large Statistical,1,649,"3836,3996,3997"
Large Statistical,1,650,"1929,1938,1953,1954,1955,1980,1984,1985,1987,1995,1998,2007,2008,2009,2017,2022"
Large Statistical,1,651,1936
Large Statistical,1,652,"3840,3861"
Large Statistical,1,653,3858
Large Statistical,1,654,"13,18,3822"
Large Statistical,1,655,3838
Large Statistical,1,656,2730
Large Statistical,1,657,424
Large Statistical,1,659,227
Large Statistical,1,666,2990
Large Statistical,1,669,33
Large Statistical,1,680,"1167,1169"
Large Statistical,1,681,"1170,1173"
Large Statistical,1,682,"1171,1174"
Large Statistical,1,726,3062
Large Statistical,1,803,1301
Large Statistical,1,841,3515
Large Statistical,1,995,2855
Large Statistical,1,996,3696
Large Statistical,1,997,1023
Large Statistical,1,998,1603
Large Statistical,1,1000,3700
Large Statistical,1,1001,2339
Large Statistical,1,1002,"2655,2662"
Large Statistical,1,1005,1682
Large Statistical,1,1006,86
Large Statistical,1,1008,1455
Large Statistical,1,1024,3223
Large Statistical,1,1041,3091
Large Statistical,1,1053,1900
Large Statistical,1,1064,"3043,3046"
Large Statistical,1,1075,1814
Large Statistical,1,1163,3695
Large Statistical,1,1165,3415
Large Statistical,1,1170,2543
Large Statistical,1,1185,3045
Large Statistical,1,1212,3005
Large Statistical,1,1243,3495
Large Statistical,1,1249,3471
Large Statistical,1,1262,2265
Large Statistical,1,1264,"2189,2194"
Large Statistical,1,1270,"2216,2229"
Large Statistical,1,1273,"2190,2204"
Large Statistical,1,1337,"3607,3612,3617,3618"
Large Statistical,1,1355,2113
Large Statistical,1,1356,2539
Large Statistical,1,1367,3216
Large Statistical,1,1374,206
Large Statistical,1,1415,"513,514"
Large Statistical,1,1418,2296
Large Statistical,1,1420,3736
Large Statistical,1,1421,1693
Large Statistical,1,1422,491
Large Statistical,1,1436,3462
Large Statistical,1,1488,3424
Large Statistical,1,1490,1627
Large Statistical,1,1635,478
Large Statistical,1,1909,3988
Large Statistical,1,1910,3702
Large Statistical,1,1911,2540
Large Statistical,1,1924,580
Large Statistical,1,1932,3432
Large Statistical,1,1933,"2874,2875"
Large Statistical,1,1958,2414
Large Statistical,1,1964,2738
Large Statistical,1,1968,494
Large Statistical,1,1970,2871
Large Statistical,1,1977,"2652,2659,2677"
Large Statistical,1,1979,2869
Large Statistical,1,1980,"1668,1670"
Large Statistical,1,1981,1669
Large Statistical,1,2058,655
Large Statistical,1,2064,481
Large Statistical,1,2141,985
Large Statistical,1,2253,2388
Large Statistical,1,2255,804
Large Statistical,1,2256,2027
Large Statistical,1,2257,2001
Large Statistical,1,2342,2844
Large Statistical,1,2343,3006
Large Statistical,1,2344,2694
Large Statistical,1,2345,"982,983"
Large Statistical,1,2346,2532
Large Statistical,1,2347,1295
Large Statistical,1,2348,830
Large Statistical,1,2350,3106
Large Statistical,1,2351,2391
Large Statistical,1,2353,3464
Large Statistical,1,2354,3071
Large Statistical,1,2355,3451
Large Statistical,1,2359,836
Large Statistical,1,2360,700
Large Statistical,1,2361,1084
Large Statistical,1,2362,3381
Large Statistical,1,2363,995
Large Statistical,1,2365,3705
Large Statistical,1,2366,3233
Large Statistical,1,2367,3070
Large Statistical,1,2369,678
Large Statistical,1,2370,3634
Large Statistical,1,2371,2409
Large Statistical,1,2372,2407
Large Statistical,1,2373,"2405,2406"
Large Statistical,1,2377,2731
Large Statistical,1,2378,1620
Large Statistical,1,2379,3635
Large Statistical,1,2380,1263
Large Statistical,1,2382,"1657,3524"
Large Statistical,1,2383,56
Large Statistical,1,2384,"2410,2411"
Large Statistical,1,2387,"198,219"
Large Statistical,1,2390,548
Large Statistical,1,2396,3628
Large Statistical,1,2398,3538
Large Statistical,1,2400,443
Large Statistical,1,2406,2399
Large Statistical,1,2407,2888
Large Statistical,1,2408,2890
Large Statistical,1,2409,"2882,2891"
Large Statistical,1,2419,1442
Large Statistical,1,2420,3041
Large Statistical,1,2422,1457
Large Statistical,1,2423,2393
Large Statistical,1,2424,2345
Large Statistical,1,2427,3439
Large Statistical,1,2429,"1157,3935"
Large Statistical,1,2430,3602
Large Statistical,1,2432,583
Large Statistical,1,2434,2727
Large Statistical,1,2435,825
Large Statistical,1,2436,3193
Large Statistical,1,2437,1914
Large Statistical,1,2438,1216
Large Statistical,1,2439,1215
Large Statistical,1,2441,3096
Large Statistical,1,2442,824
Large Statistical,1,2443,"1357,1373"
Large Statistical,1,2445,585
Large Statistical,1,2446,195
Large Statistical,1,2447,1861
Large Statistical,1,2450,2052
Large Statistical,1,2451,1257
Large Statistical,1,2453,3523
Large Statistical,1,2456,582
Large Statistical,1,2458,"2670,2672"
Large Statistical,1,2460,508
Large Statistical,1,2461,677
Large Statistical,1,2462,676
Large Statistical,1,2463,512
Large Statistical,1,2464,952
Large Statistical,1,2466,3059
Large Statistical,1,2467,1582
Large Statistical,1,2468,2255
Large Statistical,1,2470,3060
Large Statistical,1,2490,96
Large Statistical,1,2560,3629
Large Statistical,1,2562,1976
Large Statistical,1,2563,2111
Large Statistical,1,2595,483
Large Statistical,1,2617,2408
Large Statistical,1,2619,1264
Large Statistical,1,2623,3537
Large Statistical,1,2624,3047
Large Statistical,1,2628,3608
Large Statistical,1,2629,"3606,3610,3611,3613,3614,3615,3616"
Large Statistical,1,2638,2023
Large Statistical,1,2657,2596
Large Statistical,1,2669,3531
Large Statistical,1,2717,2311
Large Statistical,1,2724,"2669,2671"
Large Statistical,1,2747,3540
Large Statistical,1,2749,3536
Large Statistical,1,2773,"2423,2424"
